/*!40101 SET NAMES utf8 */;
/*!40014 SET FOREIGN_KEY_CHECKS=0 */;
/*!40101 SET SQL_MODE='NO_AUTO_VALUE_ON_ZERO' */;
/*!40111 SET SQL_NOTES=0 */;
CREATE DATABASE /*!32312 IF NOT EXISTS*/ laravel /*!40100 DEFAULT CHARACTER SET utf8mb4 */;
USE laravel;

DROP TABLE IF EXISTS admins;
CREATE TABLE `admins` (
  `id` bigint(20) unsigned NOT NULL AUTO_INCREMENT,
  `name` varchar(255) COLLATE utf8mb4_unicode_ci NOT NULL,
  `password` varchar(255) COLLATE utf8mb4_unicode_ci NOT NULL,
  `created_at` timestamp NULL DEFAULT NULL,
  `updated_at` timestamp NULL DEFAULT NULL,
  PRIMARY KEY (`id`)
) ENGINE=InnoDB AUTO_INCREMENT=10 DEFAULT CHARSET=utf8mb4 COLLATE=utf8mb4_unicode_ci;

DROP TABLE IF EXISTS articles;
CREATE TABLE `articles` (
  `id` bigint(20) unsigned NOT NULL AUTO_INCREMENT,
  `user_id` int(11) NOT NULL,
  `title` varchar(255) COLLATE utf8mb4_unicode_ci NOT NULL,
  `content` longtext COLLATE utf8mb4_unicode_ci NOT NULL,
  `created_at` timestamp NULL DEFAULT NULL,
  `updated_at` timestamp NULL DEFAULT NULL,
  `status` tinyint(4) NOT NULL DEFAULT '0',
  `count_likes` int(11) DEFAULT '0',
  `display_priority` int(11) DEFAULT '0',
  PRIMARY KEY (`id`)
) ENGINE=InnoDB AUTO_INCREMENT=190 DEFAULT CHARSET=utf8mb4 COLLATE=utf8mb4_unicode_ci;

DROP TABLE IF EXISTS blog_users;
CREATE TABLE `blog_users` (
  `id` int(10) unsigned NOT NULL AUTO_INCREMENT,
  `name` varchar(255) COLLATE utf8mb4_unicode_ci NOT NULL,
  `email` varchar(255) COLLATE utf8mb4_unicode_ci NOT NULL,
  `password` varchar(255) COLLATE utf8mb4_unicode_ci NOT NULL,
  `avatar` varchar(255) COLLATE utf8mb4_unicode_ci NOT NULL,
  `quesion_count` varchar(255) COLLATE utf8mb4_unicode_ci NOT NULL DEFAULT '0',
  `answer_count` varchar(255) COLLATE utf8mb4_unicode_ci NOT NULL DEFAULT '0',
  `comment_count` varchar(255) COLLATE utf8mb4_unicode_ci NOT NULL DEFAULT '0',
  `fav_count` varchar(255) COLLATE utf8mb4_unicode_ci NOT NULL DEFAULT '0',
  `like_count` varchar(255) COLLATE utf8mb4_unicode_ci NOT NULL DEFAULT '0',
  `follower_count` varchar(255) COLLATE utf8mb4_unicode_ci NOT NULL DEFAULT '0',
  `following_count` varchar(255) COLLATE utf8mb4_unicode_ci NOT NULL DEFAULT '0',
  `setting` json DEFAULT NULL,
  `created_at` timestamp NULL DEFAULT NULL,
  `updated_at` timestamp NULL DEFAULT NULL,
  `is_admin` int(11) NOT NULL COMMENT '0',
  PRIMARY KEY (`id`),
  UNIQUE KEY `blog_users_email_unique` (`email`)
) ENGINE=InnoDB AUTO_INCREMENT=31 DEFAULT CHARSET=utf8mb4 COLLATE=utf8mb4_unicode_ci;

DROP TABLE IF EXISTS carousels;
CREATE TABLE `carousels` (
  `id` bigint(20) unsigned NOT NULL AUTO_INCREMENT,
  `name` varchar(255) COLLATE utf8mb4_unicode_ci NOT NULL,
  `url` varchar(255) COLLATE utf8mb4_unicode_ci NOT NULL,
  `is_visible` varchar(255) COLLATE utf8mb4_unicode_ci NOT NULL,
  `image_url` varchar(255) COLLATE utf8mb4_unicode_ci NOT NULL,
  `created_at` timestamp NULL DEFAULT NULL,
  `updated_at` timestamp NULL DEFAULT NULL,
  `mobile_image_url` varchar(255) COLLATE utf8mb4_unicode_ci NOT NULL,
  `display_priority` int(11) DEFAULT '0',
  PRIMARY KEY (`id`)
) ENGINE=InnoDB AUTO_INCREMENT=5 DEFAULT CHARSET=utf8mb4 COLLATE=utf8mb4_unicode_ci;

DROP TABLE IF EXISTS failed_jobs;
CREATE TABLE `failed_jobs` (
  `id` bigint(20) unsigned NOT NULL AUTO_INCREMENT,
  `connection` text COLLATE utf8mb4_unicode_ci NOT NULL,
  `queue` text COLLATE utf8mb4_unicode_ci NOT NULL,
  `payload` longtext COLLATE utf8mb4_unicode_ci NOT NULL,
  `exception` longtext COLLATE utf8mb4_unicode_ci NOT NULL,
  `failed_at` timestamp NOT NULL DEFAULT CURRENT_TIMESTAMP,
  PRIMARY KEY (`id`)
) ENGINE=InnoDB DEFAULT CHARSET=utf8mb4 COLLATE=utf8mb4_unicode_ci;

DROP TABLE IF EXISTS jobs;
CREATE TABLE `jobs` (
  `id` bigint(20) unsigned NOT NULL AUTO_INCREMENT,
  `queue` varchar(255) COLLATE utf8mb4_unicode_ci NOT NULL,
  `payload` longtext COLLATE utf8mb4_unicode_ci NOT NULL,
  `attempts` tinyint(3) unsigned NOT NULL,
  `reserved_at` int(10) unsigned DEFAULT NULL,
  `available_at` int(10) unsigned NOT NULL,
  `created_at` int(10) unsigned NOT NULL,
  PRIMARY KEY (`id`),
  KEY `jobs_queue_index` (`queue`)
) ENGINE=InnoDB DEFAULT CHARSET=utf8mb4 COLLATE=utf8mb4_unicode_ci;

DROP TABLE IF EXISTS likes;
CREATE TABLE `likes` (
  `id` bigint(20) unsigned NOT NULL AUTO_INCREMENT,
  `user_id` int(11) NOT NULL,
  `article_id` int(11) NOT NULL,
  `created_at` timestamp NULL DEFAULT NULL,
  `updated_at` timestamp NULL DEFAULT NULL,
  PRIMARY KEY (`id`)
) ENGINE=InnoDB AUTO_INCREMENT=127 DEFAULT CHARSET=utf8mb4 COLLATE=utf8mb4_unicode_ci;

DROP TABLE IF EXISTS migrations;
CREATE TABLE `migrations` (
  `id` int(10) unsigned NOT NULL AUTO_INCREMENT,
  `migration` varchar(255) COLLATE utf8mb4_unicode_ci NOT NULL,
  `batch` int(11) NOT NULL,
  PRIMARY KEY (`id`)
) ENGINE=InnoDB AUTO_INCREMENT=27 DEFAULT CHARSET=utf8mb4 COLLATE=utf8mb4_unicode_ci;

DROP TABLE IF EXISTS notices;
CREATE TABLE `notices` (
  `id` bigint(20) unsigned NOT NULL AUTO_INCREMENT,
  `title` varchar(255) COLLATE utf8mb4_unicode_ci NOT NULL,
  `content` varchar(255) COLLATE utf8mb4_unicode_ci NOT NULL,
  `created_at` timestamp NULL DEFAULT NULL,
  `updated_at` timestamp NULL DEFAULT NULL,
  PRIMARY KEY (`id`)
) ENGINE=InnoDB AUTO_INCREMENT=3 DEFAULT CHARSET=utf8mb4 COLLATE=utf8mb4_unicode_ci;

DROP TABLE IF EXISTS notifications;
CREATE TABLE `notifications` (
  `id` char(36) COLLATE utf8mb4_unicode_ci NOT NULL,
  `type` varchar(255) COLLATE utf8mb4_unicode_ci NOT NULL,
  `notifiable_type` varchar(255) COLLATE utf8mb4_unicode_ci NOT NULL,
  `notifiable_id` bigint(20) unsigned NOT NULL,
  `data` text COLLATE utf8mb4_unicode_ci NOT NULL,
  `read_at` timestamp NULL DEFAULT NULL,
  `created_at` timestamp NULL DEFAULT NULL,
  `updated_at` timestamp NULL DEFAULT NULL,
  PRIMARY KEY (`id`),
  KEY `notifications_notifiable_type_notifiable_id_index` (`notifiable_type`,`notifiable_id`)
) ENGINE=InnoDB DEFAULT CHARSET=utf8mb4 COLLATE=utf8mb4_unicode_ci;

DROP TABLE IF EXISTS oauth_access_tokens;
CREATE TABLE `oauth_access_tokens` (
  `id` varchar(100) COLLATE utf8mb4_unicode_ci NOT NULL,
  `user_id` bigint(20) unsigned DEFAULT NULL,
  `client_id` bigint(20) unsigned NOT NULL,
  `name` varchar(255) COLLATE utf8mb4_unicode_ci DEFAULT NULL,
  `scopes` text COLLATE utf8mb4_unicode_ci,
  `revoked` tinyint(1) NOT NULL,
  `created_at` timestamp NULL DEFAULT NULL,
  `updated_at` timestamp NULL DEFAULT NULL,
  `expires_at` datetime DEFAULT NULL,
  PRIMARY KEY (`id`),
  KEY `oauth_access_tokens_user_id_index` (`user_id`)
) ENGINE=InnoDB DEFAULT CHARSET=utf8mb4 COLLATE=utf8mb4_unicode_ci;

DROP TABLE IF EXISTS oauth_auth_codes;
CREATE TABLE `oauth_auth_codes` (
  `id` varchar(100) COLLATE utf8mb4_unicode_ci NOT NULL,
  `user_id` bigint(20) unsigned NOT NULL,
  `client_id` bigint(20) unsigned NOT NULL,
  `scopes` text COLLATE utf8mb4_unicode_ci,
  `revoked` tinyint(1) NOT NULL,
  `expires_at` datetime DEFAULT NULL,
  PRIMARY KEY (`id`),
  KEY `oauth_auth_codes_user_id_index` (`user_id`)
) ENGINE=InnoDB DEFAULT CHARSET=utf8mb4 COLLATE=utf8mb4_unicode_ci;

DROP TABLE IF EXISTS oauth_clients;
CREATE TABLE `oauth_clients` (
  `id` bigint(20) unsigned NOT NULL AUTO_INCREMENT,
  `user_id` bigint(20) unsigned DEFAULT NULL,
  `name` varchar(255) COLLATE utf8mb4_unicode_ci NOT NULL,
  `secret` varchar(100) COLLATE utf8mb4_unicode_ci DEFAULT NULL,
  `provider` varchar(255) COLLATE utf8mb4_unicode_ci DEFAULT NULL,
  `redirect` text COLLATE utf8mb4_unicode_ci NOT NULL,
  `personal_access_client` tinyint(1) NOT NULL,
  `password_client` tinyint(1) NOT NULL,
  `revoked` tinyint(1) NOT NULL,
  `created_at` timestamp NULL DEFAULT NULL,
  `updated_at` timestamp NULL DEFAULT NULL,
  PRIMARY KEY (`id`),
  KEY `oauth_clients_user_id_index` (`user_id`)
) ENGINE=InnoDB AUTO_INCREMENT=10 DEFAULT CHARSET=utf8mb4 COLLATE=utf8mb4_unicode_ci;

DROP TABLE IF EXISTS oauth_personal_access_clients;
CREATE TABLE `oauth_personal_access_clients` (
  `id` bigint(20) unsigned NOT NULL AUTO_INCREMENT,
  `client_id` bigint(20) unsigned NOT NULL,
  `created_at` timestamp NULL DEFAULT NULL,
  `updated_at` timestamp NULL DEFAULT NULL,
  PRIMARY KEY (`id`)
) ENGINE=InnoDB AUTO_INCREMENT=3 DEFAULT CHARSET=utf8mb4 COLLATE=utf8mb4_unicode_ci;

DROP TABLE IF EXISTS oauth_refresh_tokens;
CREATE TABLE `oauth_refresh_tokens` (
  `id` varchar(100) COLLATE utf8mb4_unicode_ci NOT NULL,
  `access_token_id` varchar(100) COLLATE utf8mb4_unicode_ci NOT NULL,
  `revoked` tinyint(1) NOT NULL,
  `expires_at` datetime DEFAULT NULL,
  PRIMARY KEY (`id`),
  KEY `oauth_refresh_tokens_access_token_id_index` (`access_token_id`)
) ENGINE=InnoDB DEFAULT CHARSET=utf8mb4 COLLATE=utf8mb4_unicode_ci;

DROP TABLE IF EXISTS order;
CREATE TABLE `order` (
  `id` bigint(20) unsigned NOT NULL AUTO_INCREMENT,
  `goods_id` bigint(20) NOT NULL,
  `user_id` bigint(20) NOT NULL,
  `price` bigint(20) NOT NULL DEFAULT '0',
  `remark` varchar(100) COLLATE utf8mb4_unicode_ci NOT NULL DEFAULT '',
  `created_at` timestamp NULL DEFAULT NULL,
  `updated_at` timestamp NULL DEFAULT NULL,
  PRIMARY KEY (`id`),
  KEY `order_goods_id_index` (`goods_id`),
  KEY `order_user_id_index` (`user_id`)
) ENGINE=InnoDB AUTO_INCREMENT=11 DEFAULT CHARSET=utf8mb4 COLLATE=utf8mb4_unicode_ci;

DROP TABLE IF EXISTS password_resets;
CREATE TABLE `password_resets` (
  `email` varchar(255) COLLATE utf8mb4_unicode_ci NOT NULL,
  `token` varchar(255) COLLATE utf8mb4_unicode_ci NOT NULL,
  `created_at` timestamp NULL DEFAULT NULL,
  KEY `password_resets_email_index` (`email`)
) ENGINE=InnoDB DEFAULT CHARSET=utf8mb4 COLLATE=utf8mb4_unicode_ci;

DROP TABLE IF EXISTS products;
CREATE TABLE `products` (
  `id` bigint(20) unsigned NOT NULL AUTO_INCREMENT,
  `name` varchar(100) COLLATE utf8mb4_unicode_ci NOT NULL,
  `is_on_sale` tinyint(4) NOT NULL COMMENT '是否上架',
  `created_at` timestamp NULL DEFAULT NULL,
  `updated_at` timestamp NULL DEFAULT NULL,
  `deleted_at` timestamp NULL DEFAULT NULL,
  `price` int(11) NOT NULL,
  PRIMARY KEY (`id`)
) ENGINE=InnoDB AUTO_INCREMENT=13 DEFAULT CHARSET=utf8mb4 COLLATE=utf8mb4_unicode_ci;

DROP TABLE IF EXISTS profiles;
CREATE TABLE `profiles` (
  `id` bigint(20) unsigned NOT NULL AUTO_INCREMENT,
  `user_id` int(11) NOT NULL,
  `sex` varchar(255) COLLATE utf8mb4_unicode_ci NOT NULL,
  `job` varchar(255) COLLATE utf8mb4_unicode_ci NOT NULL,
  `created_at` timestamp NULL DEFAULT NULL,
  `updated_at` timestamp NULL DEFAULT NULL,
  PRIMARY KEY (`id`)
) ENGINE=InnoDB AUTO_INCREMENT=4 DEFAULT CHARSET=utf8mb4 COLLATE=utf8mb4_unicode_ci;

DROP TABLE IF EXISTS registers;
CREATE TABLE `registers` (
  `id` bigint(20) unsigned NOT NULL AUTO_INCREMENT,
  `name` varchar(255) COLLATE utf8mb4_unicode_ci NOT NULL,
  `password` varchar(255) COLLATE utf8mb4_unicode_ci NOT NULL,
  `created_at` timestamp NULL DEFAULT NULL,
  `updated_at` timestamp NULL DEFAULT NULL,
  PRIMARY KEY (`id`)
) ENGINE=InnoDB DEFAULT CHARSET=utf8mb4 COLLATE=utf8mb4_unicode_ci;

DROP TABLE IF EXISTS roles;
CREATE TABLE `roles` (
  `id` bigint(20) unsigned NOT NULL AUTO_INCREMENT,
  `name` varchar(255) COLLATE utf8mb4_unicode_ci NOT NULL,
  `desc` varchar(255) COLLATE utf8mb4_unicode_ci NOT NULL,
  `created_at` timestamp NULL DEFAULT NULL,
  `updated_at` timestamp NULL DEFAULT NULL,
  PRIMARY KEY (`id`)
) ENGINE=InnoDB AUTO_INCREMENT=12 DEFAULT CHARSET=utf8mb4 COLLATE=utf8mb4_unicode_ci;

DROP TABLE IF EXISTS runoob_tbl;
CREATE TABLE `runoob_tbl` (
  `runoob_id` int(10) unsigned NOT NULL AUTO_INCREMENT,
  `runoob_title` varchar(100) NOT NULL,
  `runoob_author` varchar(40) NOT NULL,
  `submission_date` date DEFAULT NULL,
  PRIMARY KEY (`runoob_id`)
) ENGINE=InnoDB DEFAULT CHARSET=utf8;

DROP TABLE IF EXISTS tags;
CREATE TABLE `tags` (
  `id` bigint(20) unsigned NOT NULL AUTO_INCREMENT,
  `name` varchar(255) COLLATE utf8mb4_unicode_ci NOT NULL,
  `created_at` timestamp NULL DEFAULT NULL,
  `updated_at` timestamp NULL DEFAULT NULL,
  `count_num` int(11) DEFAULT '0',
  PRIMARY KEY (`id`)
) ENGINE=InnoDB AUTO_INCREMENT=60 DEFAULT CHARSET=utf8mb4 COLLATE=utf8mb4_unicode_ci;

DROP TABLE IF EXISTS tags_articles;
CREATE TABLE `tags_articles` (
  `id` bigint(20) unsigned NOT NULL AUTO_INCREMENT,
  `article_id` int(11) NOT NULL,
  `created_at` timestamp NULL DEFAULT NULL,
  `updated_at` timestamp NULL DEFAULT NULL,
  `tags_id` int(11) NOT NULL,
  PRIMARY KEY (`id`)
) ENGINE=InnoDB AUTO_INCREMENT=112 DEFAULT CHARSET=utf8mb4 COLLATE=utf8mb4_unicode_ci;

DROP TABLE IF EXISTS topic_articles;
CREATE TABLE `topic_articles` (
  `id` bigint(20) unsigned NOT NULL AUTO_INCREMENT,
  `created_at` timestamp NULL DEFAULT NULL,
  `updated_at` timestamp NULL DEFAULT NULL,
  PRIMARY KEY (`id`)
) ENGINE=InnoDB DEFAULT CHARSET=utf8mb4 COLLATE=utf8mb4_unicode_ci;

DROP TABLE IF EXISTS users;
CREATE TABLE `users` (
  `id` bigint(20) unsigned NOT NULL AUTO_INCREMENT,
  `name` varchar(255) COLLATE utf8mb4_unicode_ci NOT NULL,
  `email` varchar(255) COLLATE utf8mb4_unicode_ci NOT NULL,
  `email_verified_at` timestamp NULL DEFAULT NULL,
  `password` varchar(255) COLLATE utf8mb4_unicode_ci NOT NULL,
  `remember_token` varchar(100) COLLATE utf8mb4_unicode_ci DEFAULT NULL,
  `created_at` timestamp NULL DEFAULT NULL,
  `updated_at` timestamp NULL DEFAULT NULL,
  PRIMARY KEY (`id`),
  UNIQUE KEY `users_email_unique` (`email`)
) ENGINE=InnoDB DEFAULT CHARSET=utf8mb4 COLLATE=utf8mb4_unicode_ci;

DROP TABLE IF EXISTS user_notices;
CREATE TABLE `user_notices` (
  `id` bigint(20) unsigned NOT NULL AUTO_INCREMENT,
  `user_id` int(11) NOT NULL,
  `notice_id` int(11) NOT NULL,
  `created_at` timestamp NULL DEFAULT NULL,
  `updated_at` timestamp NULL DEFAULT NULL,
  PRIMARY KEY (`id`)
) ENGINE=InnoDB AUTO_INCREMENT=61 DEFAULT CHARSET=utf8mb4 COLLATE=utf8mb4_unicode_ci;

INSERT INTO admins(id,name,password,created_at,updated_at) VALUES(1,'test','$2y$10$abXhCwEKsEz6zU1xKSsxi..qUV5ki4ncnXsbYkAdPmmWA8zhN7JjG','2021-04-06 11:16:52','2021-04-06 11:16:52'),(2,'Elna Corkery','$2y$10$f0TVmnh4ofIn8iMir4hVB.8WaYt.9Ju9goS07R2MIysa9Bzw6vpRa','2021-04-06 11:16:52','2021-04-06 11:16:52'),(3,'Davin Gutmann','$2y$10$oZmABtQpYE.ivm29gUdbXuAIqIG6/GpZXIKiJUv9C6gpbUgczv.eO','2021-04-06 11:16:52','2021-04-06 11:16:52'),(5,'Mr. Elian Gutmann Jr.','$2y$10$pCuys7THdwj3vkHqReKYFe4aMVRDV0ywXPb3RJYOpp9hEPXe.tBkK','2021-04-06 11:16:52','2021-06-05 15:45:51'),(9,'admin','$2y$10$XbaJ4ksfnY1mvaHvROfb1e2T8Of0kSyWIpUrTUvLM2mtoHRUL1fg6','2021-05-26 23:14:55','2021-06-09 09:26:02');

INSERT INTO articles(id,user_id,title,content,created_at,updated_at,status,count_likes,display_priority) VALUES(150,1,'新iMac与iPad Pro本周五上架 快来近距离感受新品魅力',X'3c703e3c7370616e207374796c653d22636f6c6f723a207267622835312c2035312c203531293b223ee59ca8e4bb8ae5b9b4e79a84e698a5e5ada3e696b0e59381e58f91e5b883e4bc9ae4b88aefbc8c3c2f7370616e3e3c6120687265663d2268747470733a2f2f70726f647563742e636e6d6f2e636f6d2f70726f5f7375625f6d616e752f7375625f35375f6d616e755f3534345f312e7368746d6c222072656c3d226e6f6f70656e6572206e6f726566657272657222207461726765743d225f626c616e6b22207374796c653d22636f6c6f723a207267622836362c203130342c20323032293b206261636b67726f756e642d636f6c6f723a20726762283235352c203235352c20323535293b223ee88bb9e69e9c3c2f613e3c7370616e207374796c653d22636f6c6f723a207267622835312c2035312c203531293b223ee4b8bae68891e4bbace5b8a6e69da5e4ba86e58c85e68bac694d6163e380813c2f7370616e3e3c6120687265663d2268747470733a2f2f70726f647563742e636e6d6f2e636f6d2f7061642f6170706c652f222072656c3d226e6f6f70656e6572206e6f726566657272657222207461726765743d225f626c616e6b22207374796c653d22636f6c6f723a207267622836362c203130342c20323032293b206261636b67726f756e642d636f6c6f723a20726762283235352c203235352c20323535293b223e695061643c2f613e3c7370616e207374796c653d22636f6c6f723a207267622835312c2035312c203531293b223e266e6273703b50726fe59ca8e58685e79a84e5a49ae6acbee696b0e59381e38082e8808ce6a0b9e68daee69c80e696b0e6b688e681afe698bee7a4baefbc8ce8bf99e4ba9be696b0e59381e983bde5b086e59ca835e69c883231e697a5e5bc80e5a78be6ada3e5bc8fe4b88ae69eb6e38082e5908ce697b6efbc8ce59ca8e7babfe4b88ae4b88be58d95e8b4ade4b9b0e4b88ae8bfb0e696b0e59381e79a84e794a8e688b7efbc8ce4b99fe5b086e4ba8ee69cace591a8e4ba94e5bc80e5a78be99986e7bbade694b6e588b0e4baa7e59381e380823c2f7370616e3e3c2f703e3c703e3c62723e3c2f703e3c703e3c62723e3c2f703e3c703e3c696d67207372633d222f75706c6f61642f32303231303531392f373730313632313336343037352e6a706567223e3c2f703e3c703e3c62723e3c2f703e3c703e3c7370616e207374796c653d22636f6c6f723a207267622835312c2035312c203531293b223ee68daee4ba86e8a7a3efbc8ce688aae887b3e69cace591a8e4ba94efbc8ce585a8e79083e8b685e8bf87393925e79a843c2f7370616e3e3c6120687265663d2268747470733a2f2f70726f647563742e636e6d6f2e636f6d2f70726f5f7375625f6d616e752f7375625f35375f6d616e755f3534345f312e7368746d6c222072656c3d226e6f6f70656e6572206e6f726566657272657222207461726765743d225f626c616e6b22207374796c653d22636f6c6f723a207267622836362c203130342c20323032293b206261636b67726f756e642d636f6c6f723a20726762283235352c203235352c20323535293b223e4170706c653c2f613e3c7370616e207374796c653d22636f6c6f723a207267622835312c2035312c203531293b223e266e6273703b53746f7265e99bb6e594aee5ba97e59d87e5b7b2e5bc80e694bee890a5e4b89aefbc8ce9a1bee5aea2e588b0e5ba97e5b086e58fafe59ca84170706c65205370656369616c697374e4b893e5aeb6e79a84e5b8aee58aa9e4b88befbc8ce4bab2e887aae4b88ae6898be4bd93e9aa8ce585a8e7babfe696b0e59381e380823c2f7370616e3e3c2f703e3c703e3c62723e3c2f703e3c703e3c7370616e207374796c653d22636f6c6f723a207267622835312c2035312c203531293b223ee59ca8e6ada4e6aca1e698a5e5ada3e58f91e5b883e79a84e696b0e59381e4b8adefbc8ce58f98e58c96e69c80e5a4a7e79a84e5bd93e5b19e694d6163e38082e696b0694d6163e98787e794a8e7b4a7e58791e7baa4e89684e79a84e8aebee8aea1efbc8ce690ade8bdbd3c2f7370616e3e3c6120687265663d2268747470733a2f2f70726f647563742e636e6d6f2e636f6d2f63656c6c5f70686f6e652f696e646578313632313831352e7368746d6c222072656c3d226e6f6f70656e6572206e6f726566657272657222207461726765743d225f626c616e6b22207374796c653d22636f6c6f723a207267622836362c203130342c20323032293b206261636b67726f756e642d636f6c6f723a20726762283235352c203235352c20323535293b223e4d313c2f613e3c7370616e207374796c653d22636f6c6f723a207267622835312c2035312c203531293b223ee88aafe78987e38082694d6163e68ba5e69c89e7bbbfe889b2e38081e9bb84e889b2e38081e6a999e889b2e38081e7b289e889b2e38081e7b4abe889b2e38081e8939de889b2e5928ce993b6e889b2e4b883e6acbee4baaee79cbce9a29ce889b2e58fafe98089efbc8ce5908ce697b6e8bf98e883bde98089e68ba9e4b88e694d6163e5908ce889b2e7b3bbe79a84e9858de4bbb6e38082e6a0b9e68daee88bb9e69e9ce5ae98e696b9e4bb8be7bb8defbc8ce7bbbfe889b2e38081e7b289e889b2e38081e8939de889b2e5928ce993b6e889b2694d6163e69cbae59e8be58fafe59ca84170706c652053746f7265e99bb6e594aee5ba97e8b4ade4b9b0efbc8ce585a8e983a8e4b883e6acbee9a29ce889b2e79a84694d6163e58899e59ca83c2f7370616e3e3c6120687265663d2268747470733a2f2f7777772e636e6d6f2e636f6d2f6170706c652f222072656c3d226e6f6f70656e6572206e6f726566657272657222207461726765743d225f626c616e6b22207374796c653d22636f6c6f723a207267622836362c203130342c20323032293b206261636b67726f756e642d636f6c6f723a20726762283235352c203235352c20323535293b223ee88bb9e69e9ce5ae98e7bd913c2f613e3c7370616e207374796c653d22636f6c6f723a207267622835312c2035312c203531293b223ee69c89e594aee380823c2f7370616e3e3c2f703e3c703e3c62723e3c2f703e3c703e3c7370616e207374796c653d22636f6c6f723a207267622835312c2035312c203531293b223e3c7370616e20636c6173733d22716c2d637572736f72223eefbbbfefbbbfefbbbf3c2f7370616e3e3c2f7370616e3e3c696d67207372633d222f75706c6f61642f32303231303531392f323432313632313336343037352e6a706567223e3c2f703e','2021-05-19 02:54:35','2021-06-04 02:36:36',1,6,4),(151,1,'曝苹果AR眼镜进入第二研发阶段：有望今年面世',X'3c703ee99a8fe79d803547e7bd91e7bb9ce9ab98e9809fe58f91e5b195efbc8c4152e4baa7e4b89ae79baee5898de4b99fe5b7b2e5889de6ada5e585b7e5a487e99288e5afb9e4b8aae4babae794a8e688b7e79a84e4baa7e59381e6a087e58786e380823c2f703e3c703ee58c85e68bace58d8ee4b8bae380814c47e38081e8b0b7e6ad8ce7ad89e7a791e68a80e58e82e59586e983bde5b7b2e59ca84152e9a286e59f9fe5b883e5b180efbc8ce79bb8e585b3e68a80e69cafe585ace58fb8e79a84e89e8de8b584e38081e5b9b6e8b4ade99986e7bbade5bc80e590afefbc8c4152e4baa7e59381e68896e59ca83547e7bd913c2f703e3c703e3c62723e3c2f703e3c703e3c62723e3c2f703e3c703e3c696d67207372633d222f75706c6f61642f32303231303531392f383739313632313433393032322e706e67223e3c2f703e3c703e3c62723e3c2f703e','2021-05-19 23:43:42','2021-06-04 02:36:22',1,5,7),(180,1,'智能手表测评：HONOR MagicWatch 2，实用的全方位智能手表',X'3c703e3c7370616e207374796c653d22636f6c6f723a207267622833342c2033342c203334293b223e484f4e4f52204d616769635761746368203220e4ba8e32303139e5b9b43132e69c88e4bbbde6ada3e5bc8fe58f91e5b883efbc8ce8808c20484f4e4f5220e4b99fe8a1a8e7a4ba20484f4e4f52204d616769635761746368203220e698afe4b880e58faae58a9fe883bde99d9ee5b8b8e4b8b0e5af8ce585a8e99da2e79a84e699bae883bde6898be8a1a8e38082e4b88de8bf87e5be88e5a49ae4babae4bc9ae8b4a8e79691efbc8ce7a9b6e7ab9f20484f4e4f52204d616769635761746368203220e698afe590a6e79c9fe79a84e982a3e4b988e5ae9ee794a8e4bba5e58f8ae58a9fe883bde9bd90e585a8efbc9fe4bb8ae5a4a9efbc8ce5b08fe7bc96e5b0b1e5928ce5a4a7e5aeb6e58886e4baabe5b08fe7bc96e4b88e20484f4e4f52204d616769635761746368203220e79bb8e5a484e4b880e6aeb5e697b6e997b4e5908ee79a84e6849fe683b3efbc813c2f7370616e3e3c2f703e3c703e3c62723e3c2f703e3c703e3c696d67207372633d222f75706c6f61642f32303231303630332f343333313632323730343335362e6a706567223e3c2f703e3c703e3c62723e3c2f703e3c703e3c62723e3c2f703e3c703e3c7370616e207374796c653d22636f6c6f723a207267622833342c2033342c203334293b223ee585a8e696b0e79a8420484f4e4f52204d616769635761746368203220e58886e588abe68ba5e69c89e4b8a4e4b8aae6acbee5bc8fefbc8ce58886e588abe4b8ba34326d6d20e4bba5e58f8a34366d6d20e79a84e6acbee5bc8fefbc8ce982a3e5b08fe7bc96e8bf99e6aca1e68bbfe588b0e79a84e698af34366d6de79a84e6acbee5bc8fe38082e58588e8afb4e5a496e8a782e8aebee8aea1efbc8ce585a8e696b0e79a8420484f4e4f52204d616769635761746368203220e98787e794a8e4ba86e585a8e696b0e79a84e4baa7e59381e8aebee8aea1efbc8ce8808ce6898be8a1a8e69cbae8baabe983bde98787e794a8e4ba86e4b88de99488e992a2e69d90e8b4a8e68993e980a0efbc8ce8b4a8e6849fe6af94e8b5b7e4b88ae4b880e4bba3e58fafe8afb4e698afe69bb4e4b88ae4b880e5b182e6a5bce38082e580bce5be97e4b880e68f90e79a84e698afefbc8ce794b1e4ba8ee585a8e696b020484f4e4f52204d616769635761746368203220e79a84e6898be8a1a8e5b18fe5b995e6af94e4b88ae4b880e4bba3e79a84e5a4a7e4ba86e4b88de5b091efbc8ce5908ce697b6e8a1a8e59c88e99da2e7a7afe4b99fe58f98e5be97e69bb4e5b08fefbc8ce5868de58aa0e4b88a20414d4f4c454420e5b18fe5b995e79a84e58aa0e68c81e4b88befbc8c484f4e4f52204d616769635761746368203220e695b4e4bd93e79a84e5b18fe58da0e6af94e4bba5e58f8ae8a786e8a789e69588e69e9ce983bde698bee5be97e99d9ee5b8b8e587bae889b2e380823c2f7370616e3e3c2f703e3c703e3c62723e3c2f703e3c703e3c696d67207372633d222f75706c6f61642f32303231303630332f373832313632323730343335362e6a706567223e3c2f703e3c703e3c62723e3c2f703e3c703e3c62723e3c2f703e3c703e3c7370616e207374796c653d22636f6c6f723a207267622833342c2033342c203334293b223ee79bb8e4bfa1e5be88e5a49ae4babae4bc9ae8a789e5be9720414d4f4c454420e5b18fe5b995e79a84e8aebee5a487e5ba94e8afa5e59ca8e794b5e6b1a0e7bbade888aae58a9be696b9e99da2e4bc9ae6af94e8be83e4b88de587bae889b2efbc8ce4bd86e794b1e4ba8e204d616769635761746368203220e98787e794a8e4ba86e694afe68fb4e8939de5a4a9352e31e79a84204b6972696e20413120e88aafe78987efbc8ce8aea9e8afa5e699bae883bde8a1a8e79a84e794b5e6b1a0e7bbade888aae58a9be69bb4e58aa0e995bfefbc8ce8808ce7bb8fe8bf87e5b08fe7bc96e8bf99e6aeb5e697b6e997b4e59ca8e7a9bfe688b4e8bf99e4b8aa204d616769635761746368203220e697b6efbc8ce5b086e68980e69c89e58a9fe883bde983bde68993e5bc80efbc8ce7bbade888aae58a9be4b8bae4b880e4b8aae6989fe69c9fe5b7a6e58fb3efbc8ce4bda0e4bbace8a789e5be97e6808ee4b988e6a0b7efbc9f3c2f7370616e3e3c2f703e','2021-06-03 15:12:36','2021-06-05 00:16:00',1,3,5),(181,1,'新机评测：Samsung Galaxy A32 5G 到底值不值得入手？',X'3c703e3c7370616e207374796c653d22636f6c6f723a207267622833342c2033342c203334293b223ee580bce5be97e4b880e68f90e79a84e698afefbc8c47616c61787920413332203547e79a84e5b18fe5b995e98787e794a8362e35e88bb1e5afb84844e79a8454465420e6b0b4e6bbb4e5b18fefbc8ce5b9b6e4b894e694afe68fb43930487ae588b7e696b0e78e87efbc8ce5b9b3e697b6e794a8e69da5e4b88a46616365626f6f6be38081496e7374616772616de983bde698afe58faae69c89e4b880e4b8aae788bde5ad97e69da5e5bda2e5aeb97ee68980e4bba5e695b4e4bd93e69da5e8afb4e8bf99e6acbe47616c61787920413332203547e79a84e5b18fe5b995e69588e69e9ce8bf98e698afe5be88e5a5bde79a84e38082e5b08fe7bc96e4b8aae4babae8a789e5be9747616c6178792041333220354720e68fa1e59ca8e6898be4b88ae79c9fe79a84e5be88e8bdbbe79b88efbc8ce8808ce4b894e8bf98e68ba5e69c89e4b88de99499e79a84e68c81e68fa1e6849fefbc8ce99d9ee5b8b8e98082e59088e5a5b3e5ada9e5ad90e4bdbfe794a8efbc81e58fa6e5a496e5b0b1e698afe5ae83e79a84e5a496e5bda2e8aebee8aea1efbc8ce69cbae8baabe98787e794a8e4ba86e6898be6849fe5be88e5a5bde79a84e8aebee8aea1efbc8ce59ba0e6ada4e695b4e4bd93e79a84e8a786e8a789e69588e69e9ce8bf98e698afe5be88e5a5bde79a84e38082e4bd86e5bf85e9a1bbe59090e6a7bde79a84e698afefbc8ce8bf99e58fb0e6898be69cbae79a84e68c87e7bab9e8a7a3e99481e9809fe5baa6e8bf98e698afe68cbae685a2e79a84e380823c2f7370616e3e3c2f703e3c703e3c62723e3c2f703e3c703e3c696d67207372633d222f75706c6f61642f32303231303630332f323332313632323730343636362e6a706567223e3c2f703e3c703e3c62723e3c2f703e3c703e3c62723e3c2f703e3c703e3c7370616e207374796c653d22636f6c6f723a207267622833342c2033342c203334293b223e47616c6178792041333220354720e8bf99e6aca1e690ade8bdbde4ba8634384d50e4b8bbe69184e9959ce5a4b4efbc8ce690ade9858d384d5020e5b9bfe8a792e9959ce5a4b4e38081354d50e5beaee8b79de9959ce5a4b4e4bba5e58f8a324d50e699afe6b7b1e9959ce5a4b4efbc8ce8afa5e69cbae79a84e4b8bbe69184e9959ce5a4b4e4b99fe694afe68c814f495320e998b2e68a96e58a9fe883bde38082e5a682e69e9ce58faae698afe794a8e69da5e8aeb0e5bd95e7949fe6b4bbe79a84e8af9defbc8ce585b6e5ae9e47616c6178792041333220354720e5b0b1e5b7b2e7bb8fe5be88e587bae889b2e4ba86e38082e580bce5be97e4b880e68f90e79a84e698afefbc8ce8afa5e69cbae79a84e6bba4e9959ce4bc9ae887aae58aa8e8b083e695b4efbc8ce5bd93e4bda0e68b8de69184e9a39fe789a9e697b6efbc8ce7b3bbe7bb9fe4bc9ae588b6e58aa8e68a8ae9a29ce889b2e8b083e68890e69bb4e9b29ce889b3e4b880e4ba9befbc8ce8aea9e785a7e78987e79c8be8b5b7e69da5e69bb4e58aa0e88080e79cbce38082e58fa6e5a496efbc8ce5b08fe7bc96e4b99fe794a8e8bf99e6acbee6898be69cbae69da5e68b8de69184e5bdb1e78987e79c9fe79a84e698afe5a4aae5a5bde794a8e4ba86efbc8ce695b4e4b8aae5bdb1e78987e79a84e794bbe8b4a8e5be88e5a5bdefbc8ce8808ce4b894e6a0b9e69cace6b2a1e69c89e69187e69983e79a84e4ba8be68385e58f91e7949fefbc8ce99d9ee5b8b8e79a84537461626c65efbc8147616c6178792041333220354720e79a84e5898de7bdaee69184e5838fe5a4b4e4b99fe698afe5be88e4b88de99499efbc8ce5b08fe7bc96e794a8e69da5e887aae68b8de785a7e983bde4b88de695a2e79bb8e4bfa1e887aae5b7b1e58f98e68890e5a5b3e7a59ee4ba86efbc81e5a4a7e58a9be68ea8e88d90e7bb99e5969ce6aca2e887aae68b8de79a84e5b08fe5a790e5a790e4bbacefbc813c2f7370616e3e3c2f703e3c703e3c62723e3c2f703e3c703e3c62723e3c2f703e3c703e3c696d67207372633d222f75706c6f61642f32303231303630332f363931313632323730343636362e6a706567223e3c2f703e3c703e3c62723e3c2f703e3c703e3c696d67207372633d222f75706c6f61642f32303231303630332f393434313632323730343636362e6a706567223e3c2f703e','2021-06-03 15:17:46','2021-06-04 02:36:18',1,2,6),(182,1,'Redmi Note 10S 将于 5 月 13 日在印度发布：搭载 30W 快充 + 64MP 主摄镜头！',X'3c703e3c7370616e207374796c653d22636f6c6f723a207267622833342c2033342c203334293b223e5265646d6920e69797e4b88be585a8e696b0e6898be69cba205265646d69204e6f74652031305320e5b086e4ba8e203520e69c8820313320e697a5e6ada3e5bc8fe59ca8e58db0e5baa6e58f91e5b883efbc81e6a0b9e68daee59bbde5a496e6b688e681afe698bee7a4baefbc8c5265646d69204e6f74652031305320e58fafe4bba5e8afb4e698afe98787e794a8e4ba86e99d9ee5b8b8e5bcbae6828de79a84e7a1ace4bbb6e58a9fe883bdefbc8ce585b6e4b8ade58c85e68bace4ba862033305720e5bfabe58585e4bba5e58f8ae690ade8bdbd204d6564696154656b2047393520e5a484e79086e599a8efbc8ce79bb8e4bfa1e5ae83e883bde5b8a6e587bae69bb4e58aa0e587bae889b2e79a84e4bdbfe794a8e8a1a8e78eb0e38082e8af9de4b88de5a49ae8afb4efbc8ce78eb0e59ca8e5b0b1e69da5e68ea2e7b4a2e8bf99e6acbee6898be69cbae79a84e4baaee782b9e590a7efbc813c2f7370616e3e3c2f703e3c703e3c62723e3c2f703e3c703ee59ca8e5b18fe5b995e696b9e99da2efbc8ce8bf99e6acbe205265646d69204e6f74652031305320e5b086e4bc9ae98787e794a820362e343320e88bb1e5afb8e79a8420414d4f4c454420e5bc80e5ad94e5b18fefbc8ce5b9b6e4b894e694afe68c812033363020e5baa6e79a84e58589e6849fe887aae58aa8e4baaee5baa6e8b083e88a82efbc8ce5908ce697b6e8bf98e694afe68c81e58f8ce689ace5a3b0e599a8efbc8ce79bb8e4bfa1e8afa5e69cbae79a84e7a1ace4bbb6e9858de5a487e883bde5b8a6e7bb99e6b688e8b4b9e88085e69bb4e5a5bde79a84e4bdbfe794a8e4bd93e9aa8ce38082e58fa6e5a496e59ca8e5a484e79086e599a8e696b9e99da2efbc8c5265646d69204e6f74652031305320e5b086e4bc9ae98787e794a8204d6564696154656b2048656c696f2047393520e5a484e79086e599a8efbc8c43505520e983a8e58886e794b1e58f8ce6a0b820436f727465782d4137362028322e30352047487a2920e4bba5e58f8ae585ade6a0b820436f727465782d2041353520e7bb84e59088efbc8ce5908ce697b647505520e8bf98e4bc9ae99b86e68890204d616c692d473736204d4334efbc8ce5b9b6e4b894e8bf98e4bc9ae690ade8bdbde9a291e78e87203930304d487ae380823c2f703e3c703e3c62723e3c2f703e3c703e3c696d67207372633d222f75706c6f61642f32303231303630332f393334313632323730353533332e6a706567223e3c2f703e3c703e3c62723e3c2f703e3c703e3c7370616e207374796c653d22636f6c6f723a207267622833342c2033342c203334293b223ee68ea5e4b88be69da5e5b0b1e588b0e69184e5838fe983a8e58886efbc8ce8bf99e6acbe205265646d69204e6f74652031305320e5b086e4bc9ae98787e794a8e79fa9e998b5e5bc8fe79a84e79bb8e69cbae8aebee8aea1e38082e8afa5e69cbae79a84e4b8bbe69184e69c89e69c9be690ade8bdbd203634303020e4b887e5838fe7b4a0e4b8bbe69184e9959ce5a4b4efbc8ce5afb9e4ba8ee788b1e68b8de785a7e79a84e5a790e5a790e4bbace69da5e8afb4efbc8ce8bf99e6acbee6898be69cbae7bb9de5afb9e698afe4bda0e69c80e4bdb3e9a696e98089efbc81e4bf9de8af81e8aea9e4bda0e6808ee6a0b7e68b8de983bde5a5bde79c8befbc8ce5ae8ce585a8e697a0e6adbbe8a7927e3c2f7370616e3e3c2f703e3c703e3c62723e3c2f703e3c703e3c7370616e207374796c653d22636f6c6f723a207267622833342c2033342c203334293b223e3c7370616e20636c6173733d22716c2d637572736f72223eefbbbfefbbbfefbbbf3c2f7370616e3e3c2f7370616e3e3c696d67207372633d222f75706c6f61642f32303231303630332f353037313632323730353533332e6a706567223e3c2f703e','2021-06-03 15:32:13','2021-06-04 23:40:41',1,2,8),(183,2,'华为MatePad Pro色准达专业显示器水平',X'3c703e3c7370616e207374796c653d22636f6c6f723a207267622835312c2035312c203531293b223ee59ca8e4ba86e8a7a3e58d8ee4b8ba4d6174655061642050726f2031322e36e88bb1e5afb8e4b98be5898defbc8ce68891e4bbace99c80e8a681e58588e79fa5e98193efbc8ce889b2e5878644656c74612045266c743b33e4b8bae585a5e997a8e7baa7e4b893e4b89ae698bee7a4bae599a8efbc8ce883bde5a49fe6b885e699b0e79c8be588b0e69c89e889b2e5b7aeefbc9b44656c74612045266c743b32e4b8bae4b893e4b89ae698bee7a4bae599a8efbc8ce58fafe4bba5e8bdbbe5beaee5af9fe8a789e588b0e889b2e5b7aeefbc9b44656c74612045266c743b31e697b6efbc8ce4babae79cbce697a0e6b395e8af86e588abe889b2e5bda9e5b7aee5bc82efbc8ce697a5e5b8b8e4bdbfe794a8e69bb4e58aa0e88892e98082e38082e982a3e4b988e58d8ee4b8ba4d6174655061642050726f2031322e36e88bb1e5afb8e79a8444656c74612045e698afe4bb80e4b988e88c83e59bb4e591a2efbc9fe6a0b9e68daee5ae98e696b9e585ace5b883e79a84e695b0e68daee69da5e79c8befbc8ce5ae83e79a8444656c74612045efbc9c302e35efbc8ce5b7b2e7bb8fe8b685e8b68ae4ba86e4b893e4b89ae79a84e698bee7a4bae599a8e6b0b4e58786efbc8ce883bde5a49fe8aea9e4b893e4b89ae69184e5bdb1e5b888e68bbfe69da5e4bd9ce4b8bae58f96e699afe38081e8b083e889b2e79a84e689a9e5b195e79b91e8a786e5b18fe4bdbfe794a8efbc8ce58fafe4bba5e8aea9e5b9b3e69dbfe5b195e7a4bae79a84e794bbe99da2e5908ce79c9fe5ae9ee789a9e4bd93e889b2e5bda9e9ab98e5baa6e4b880e887b4e380823c2f7370616e3e3c2f703e3c703e3c62723e3c2f703e3c703e3c62723e3c2f703e3c703e3c696d67207372633d222f75706c6f61642f32303231303630392f343139313632333230323432362e6a706567223e3c2f703e3c703e3c62723e3c2f703e3c703e3c62723e3c2f703e3c703ee4b8bae4ba86e7a1aee4bf9de4b88de5908ce8aebee5a487e997b4e79a84e889b2e58786e4b880e887b4e680a7efbc8ce58d8ee4b8bae59ca8e587bae58e82e5898de98787e794a8e8b685e9ab98e7b2bee5baa6e5a49ae9809ae98193e58f8ce6b581e5b9b6e8a18ce887aae58aa8e58c96e8a385e5a487e8bf9be8a18ce98090e5b18fe6a0a1e58786efbc8ce98090e5b18fe98787e6a0b73130302be5bca0e59bbee78987efbc8ce69e84e5bbbae5b18fe5b9953344e889b2e59f9fe6a8a1e59e8befbc8ce7bb8fe8bf87e695b0e4b887e6aca1e8bf90e7ae97e5ae9ee78eb0e8b685e9ab98e7b2bee58786e889b2e5bda9e8bf98e58e9fefbc8ce69c80e7bb88e5ae9ee78eb045266c743b302e35e38082e59ca8e5a49ae58fb0e58d8ee4b8ba204d6174655061642050726f2031322e36e88bb1e5afb8e4b88ae68993e5bc80e5908ce4b880e5bca0e59bbee78987efbc8ce6af8fe58fb0e8aebee5a487e68980e5b195e7a4bae587bae69da5e79a84e59bbee78987e9a29ce889b2e983bde99d9ee5b8b8e4b880e887b4e38082e6ada4e5a496e58d8ee4b8ba204d6174655061642050726f2031322e36e88bb1e5afb8e8bf98e8bebee588b0e4ba864443492d5033e889b2e59f9fefbc8ce68ba5e69c89e9ab98e8bebe31303030303030efbc9a31e79a84e5afb9e6af94e5baa6efbc8ce8aea9e6b688e8b4b9e88085e58fafe4bba5e79bb4e8a782e59cb0e6849fe58f97e588b0e889b2e5bda9e79a84e7bb9ae78382e7bbbde694bee380823c2f703e3c703e3c62723e3c2f703e3c703e3c696d67207372633d222f75706c6f61642f32303231303630392f393638313632333230323437382e6a706567223e3c2f703e3c703e3c62723e3c2f703e','2021-06-09 09:33:46','2021-06-09 09:45:10',1,0,10),(184,2,'iPadOS 15更新了！小组件 分屏 ..',X'3c703e3c62723e3c2f703e3c703e3c7370616e207374796c653d22636f6c6f723a207267622835312c2035312c203531293b223ee9a696e58588efbc8ce59ca8e696b0e79a84695061644f53203135e5b086e4bc9ae5a29ee58aa0e59084e7a78de585a8e696b0e79a84e5b08fe7bb84e4bbb6efbc8ce5908ce697b6e8bf99e4ba9be5b08fe7bb84e4bbb6e5928c415050e58fafe4bba5e887aae794b1e6b7b7e68e92efbc8ce4b8b0e5af8ce4bda0e5afb9e4b88de5908ce6a18ce99da2e79a84e99c80e6b182e38082e696b0e79a84e5b08fe7bb84e4bbb6e4b99fe69c89e4b893e997a8e99288e5afb9e5b08fe5b18fe5b995e8aebee5a487e8808ce8aebee8aea1e79a84e5b0bae5afb8e9a38ee6a0bcefbc8ce696b9e4bebfe4b88de5908ce794a8e688b7e4bdbfe794a8e380823c2f7370616e3e3c2f703e3c703e3c62723e3c2f703e3c703e3c7370616e207374796c653d22636f6c6f723a207267622835312c2035312c203531293b223ee585b6e6aca1efbc8ce59ca83c2f7370616e3e3c6120687265663d2268747470733a2f2f7777772e636e6d6f2e636f6d2f696f732f222072656c3d226e6f6f70656e6572206e6f726566657272657222207461726765743d225f626c616e6b22207374796c653d22636f6c6f723a207267622836362c203130342c20323032293b206261636b67726f756e642d636f6c6f723a20726762283235352c203235352c20323535293b223e694f533c2f613e3c7370616e207374796c653d22636f6c6f723a207267622835312c2035312c203531293b223ee4b88ae5b7b2e7bb8fe587bae78eb0e8bf87e79a84415050e8b584e6ba90e5ba93e5a682e4bb8ae58fafe4bba5e99b86e59088e588b0e7a88be5ba8fe59d9ee4ba86efbc8ce59ca8e8bf99e9878ce58fafe4bba5e69fa5e79c8be4bda0e68980e69c89e59ca8e8aebee5a487e4b88ae79a84e5ba94e794a8e7a88be5ba8fefbc8ce696b9e4bebfe99a8fe697b6e6909ce7b4a2e5928ce8b083e58f96e380823c2f7370616e3e3c2f703e3c703e3c62723e3c2f703e3c703e3c7370616e207374796c653d22636f6c6f723a207267622835312c2035312c203531293b223e3c7370616e20636c6173733d22716c2d637572736f72223eefbbbfefbbbfefbbbfefbbbf3c2f7370616e3e3c2f7370616e3e3c696d67207372633d222f75706c6f61642f32303231303630392f343137313632333230323738332e706e67223e3c2f703e','2021-06-09 09:39:43','2021-06-09 09:45:10',1,0,9),(185,4,'荣耀50系列正面设计公开：双曲面挖孔屏',X'3c703e3c7370616e207374796c653d22636f6c6f723a207267622835312c2035312c203531293b223ee88da3e880803530e7b3bbe58897e5ae9ae6a1a336e69c883136e697a5efbc8ce99a8fe79d80e58f91e5b883e697b6e997b4e79a84e4b8b4e8bf91efbc8ce7bd91e4b88ae585b3e4ba8ee8afa5e7b3bbe58897e696b0e69cbae79a84e78886e69699e4b99fe8b68ae69da5e8b68ae5a49aefbc8ce5ae98e696b9e4b99fe59ca8e4b88de696ade9808fe99cb2e585b3e4ba8ee696b0e69cbae79a84e4bfa1e681afe38082e79baee5898defbc8ce88da3e880803530e7b3bbe58897e6ada3e59ca8e585a8e6b8a0e98193e9a284e7baa6e4b8ade38082e59ca8e9a284e7baa6e7958ce99da2efbc8ce6898be69cbae4b8ade59bbde58f91e78eb0efbc8ce88da3e88080e5ae98e696b9e9a696e6aca1e585ace5bc80e4ba86e88da3e880803530e7b3bbe58897e79a84e6ada3e99da2e8aebee8aea1efbc81e580bce5be97e4b880e68f90e79a84e698afefbc8ce59ca8e6ada4e5898de8afb8e5a49ae585b3e4ba8ee88da3e880803530e7b3bbe58897e6898be69cbae79a84e78886e69699e4b8adefbc8ce69e81e5b091e69c89e585b3e4ba8ee8afa5e7b3bbe58897e696b0e69cbae6ada3e99da2e79a84e78886e69699e380823c2f7370616e3e3c2f703e3c703e3c62723e3c2f703e3c703e3c696d67207372633d222f75706c6f61642f32303231303630392f333032313632333230333639342e6a706567223e3c2f703e3c703e3c62723e3c2f703e3c703e3c62723e3c2f703e3c703e3c696d67207372633d222f75706c6f61642f32303231303630392f363230313632333230333639342e6a706567223e3c2f703e3c703e3c62723e3c2f703e3c703e3c62723e3c2f703e','2021-06-09 09:54:54','2021-06-09 09:54:58',1,0,11),(186,5,'macOS 12有哪些更新？多设备共享操作',X'3c703e3c7370616e207374796c653d22636f6c6f723a207267622835312c2035312c203531293b223ee58c97e4baace697b6e997b4e5878ce699a8e4b880e782b9e5bc80e5a78be79a8457574443323032313c2f7370616e3e3c6120687265663d2268747470733a2f2f70726f647563742e636e6d6f2e636f6d2f70726f5f7375625f6d616e752f7375625f35375f6d616e755f3534345f312e7368746d6c222072656c3d226e6f6f70656e6572206e6f726566657272657222207461726765743d225f626c616e6b22207374796c653d22636f6c6f723a207267622836362c203130342c20323032293b206261636b67726f756e642d636f6c6f723a20726762283235352c203235352c20323535293b223ee88bb9e69e9c3c2f613e3c7370616e207374796c653d22636f6c6f723a207267622835312c2035312c203531293b223ee5bc80e58f91e88085e5a4a7e4bc9ae4b88aefbc8ce5889ae5889ae58f91e5b883e4ba86e88bb9e69e9ce69c80e696b0e79a846d61634f53e7b3bbe7bb9fefbc8ce6ada4e6aca16d61634f53e79a84e69bb4e696b0e7bb99e68891e4bbace58f88e5b8a6e69da5e4ba86e982a3e4ba9be4bba4e4babae6838ae8aeb6e79a84e696b0e58a9fe883bde591a2efbc9fe8aea9e68891e4bbace68ea5e79d80e5be80e4b88be79c8be590a7efbc813c2f7370616e3e3c2f703e3c703e3c62723e3c2f703e3c703e3c62723e3c2f703e3c703e3c696d67207372633d222f75706c6f61642f32303231303630392f323538313632333230343033372e706e67223e3c2f703e3c703e3c62723e3c2f703e3c703e3c62723e3c2f703e3c703e3c696d67207372633d222f75706c6f61642f32303231303630392f363435313632333230343033372e706e67223e3c2f703e3c703e3c62723e3c2f703e3c703e3c7370616e207374796c653d22636f6c6f723a207267622835312c2035312c203531293b223ee59ca8e58a9fe883bde4b88aefbc8ce585a8e696b0e79a84556e6976657273616c20436f6e74726f6c20e8aea9e5a49ae4b8aae88bb9e69e9ce7949fe68081e58685e79a84e8aebee5a487e58fafe4bba5e8bf9be8a18ce58d8fe4bd9cefbc8ce58c85e68bac4d6163426f6f6be38081266e6273703b694d6163e380813c2f7370616e3e3c6120687265663d2268747470733a2f2f70726f647563742e636e6d6f2e636f6d2f7061642f6170706c652f222072656c3d226e6f6f70656e6572206e6f726566657272657222207461726765743d225f626c616e6b22207374796c653d22636f6c6f723a207267622836362c203130342c20323032293b206261636b67726f756e642d636f6c6f723a20726762283235352c203235352c20323535293b223e695061643c2f613e3c7370616e207374796c653d22636f6c6f723a207267622835312c2035312c203531293b223ee4b88ae8bf9be8a18ce69687e4bbb6e79a84e4bca0e98092efbc8ce5bd93e8bf99e4ba9be8aebee5a487e694bee59ca8e4b880e8b5b7e697b6efbc8ce68891e4bbace58fafe4bba5e4bdbfe794a84d6163426f6f6be79a84e9bca0e6a087e38081e994aee79b98e5928ce69da5e5afb969506164e5928c694d6163e8bf9be8a18ce585b1e4baabe6938de4bd9cefbc8ce4b889e59d97e5b18fe5b995e4b88de5868de69c89e5b180e99990e38082266e6273703b3c2f7370616e3e3c2f703e','2021-06-09 10:00:37','2021-06-09 10:01:15',1,0,12),(187,5,'macOS Monterey发布！多设备互动 跨三屏',X'3c703e3c7370616e207374796c653d22636f6c6f723a207267622835312c2035312c203531293b223ee58c97e4baace697b6e997b432303231e5b9b436e69c8838e697a5e5878ce699a831e782b9efbc8ce4b880e5b9b4e4b880e5baa6e79a843c2f7370616e3e3c6120687265663d2268747470733a2f2f70726f647563742e636e6d6f2e636f6d2f70726f5f7375625f6d616e752f7375625f35375f6d616e755f3534345f312e7368746d6c222072656c3d226e6f6f70656e6572206e6f726566657272657222207461726765743d225f626c616e6b22207374796c653d22636f6c6f723a207267622836362c203130342c20323032293b206261636b67726f756e642d636f6c6f723a20726762283235352c203235352c20323535293b223ee88bb9e69e9c3c2f613e3c7370616e207374796c653d22636f6c6f723a207267622835312c2035312c203531293b223ee585a8e79083e5bc80e58f91e88085e5a4a7e4bc9aefbc88575744433231efbc89e4bba5e585a8e59ca8e7babfe5bda2e5bc8fe4b8bee58a9ee38082e88bb9e69e9ce585ace5b883e4ba86e99288e5afb93c2f7370616e3e3c6120687265663d2268747470733a2f2f7777772e636e6d6f2e636f6d2f696f732f222072656c3d226e6f6f70656e6572206e6f726566657272657222207461726765743d225f626c616e6b22207374796c653d22636f6c6f723a207267622836362c203130342c20323032293b206261636b67726f756e642d636f6c6f723a20726762283235352c203235352c20323535293b223e694f533c2f613e3c7370616e207374796c653d22636f6c6f723a207267622835312c2035312c203531293b223ee38081695061644f53e3808177617463684f53e380816d61634f53e7ad89e88bb9e69e9ce7949fe68081e58685e7b3bbe7bb9fe79a84e585a8e99da2e58d87e7baa7e38082e59ca8e4bc9ae4b88aefbc8ce585a8e696b06d61634f53204d6f6e7465726579e58f91e5b883efbc8ce696b0e7b3bbe7bb9fe694afe68c81e5a49ae5b18fe4ba92e58aa8e380823c2f7370616e3e3c2f703e3c703e3c62723e3c2f703e3c703e3c696d67207372633d222f75706c6f61642f32303231303630392f363335313632333230343232392e6a706567223e3c2f703e3c703e3c62723e3c2f703e3c703e3c62723e3c2f703e3c703e3c696d67207372633d222f75706c6f61642f32303231303630392f313633313632333230343232392e706e67223e3c2f703e','2021-06-09 10:03:49','2021-06-09 10:03:55',1,0,13),(188,6,'M1芯片Mac SSD磨损问题将在macOS 11.4中得到修复',X'3c703e3c7370616e207374796c653d22636f6c6f723a207267622835312c2035312c203531293b223ee697a9e59ca8e4bb8ae5b9b432e69c88e5b0b1e69c89e68aa5e5918ae7a7b0e690ade8bdbd3c2f7370616e3e3c6120687265663d2268747470733a2f2f70726f647563742e636e6d6f2e636f6d2f70726f5f7375625f6d616e752f7375625f35375f6d616e755f3534345f312e7368746d6c222072656c3d226e6f6f70656e6572206e6f726566657272657222207461726765743d225f626c616e6b22207374796c653d22636f6c6f723a207267622836362c203130342c20323032293b206261636b67726f756e642d636f6c6f723a20726762283235352c203235352c20323535293b223ee88bb9e69e9c3c2f613e3c7370616e207374796c653d22636f6c6f723a207267622835312c2035312c203531293b223ee887aae7a094e88aafe789873c2f7370616e3e3c6120687265663d2268747470733a2f2f70726f647563742e636e6d6f2e636f6d2f70726f5f7375625f6d616e752f7375625f35375f6d616e755f3534345f312e7368746d6c222072656c3d226e6f6f70656e6572206e6f726566657272657222207461726765743d225f626c616e6b22207374796c653d22636f6c6f723a207267622836362c203130342c20323032293b206261636b67726f756e642d636f6c6f723a20726762283235352c203235352c20323535293b223e4170706c653c2f613e3c7370616e207374796c653d22636f6c6f723a207267622835312c2035312c203531293b223e266e6273703b53696c69636f6eefbc883c2f7370616e3e3c6120687265663d2268747470733a2f2f70726f647563742e636e6d6f2e636f6d2f63656c6c5f70686f6e652f696e646578313632313831352e7368746d6c222072656c3d226e6f6f70656e6572206e6f726566657272657222207461726765743d225f626c616e6b22207374796c653d22636f6c6f723a207267622836362c203130342c20323032293b206261636b67726f756e642d636f6c6f723a20726762283235352c203235352c20323535293b223e4d313c2f613e3c7370616e207374796c653d22636f6c6f723a207267622835312c2035312c203531293b223eefbc89e79a844d6163e794b5e88491e69c89e4b880e5ae9ae7a88be5baa6e5ad98e59ca8535344e8bf87e5baa6e7a3a8e68d9fe79a84e78eb0e8b1a1e587bae78eb0efbc8ce79bb4e68ea5e588b0e697b6535344e5afbfe591bde9aaa4e5878fefbc8ce4b98be68980e4bba5e980a0e68890e8bf99e6a0b7e79a84e58e9fe59ba0e5be88e5a49ae4babae78c9ce6b58be698afe59ba0e4b8bae88aafe78987e68980e5afbce887b4e79a84e8afbbe58699e6aca1e695b0e8bf87e5a49ae38082e4b88de79fa5e98193e69c89e6b2a1e69c89e5b08fe4bc99e4bcb4e4b8ade68b9be4ba86e591a2efbc9fe4b88de8bf87e585b6e5ae9ee4b99fe697a0e99c80e8bf87e58886e68b85e5bf83efbc8ce59ba0e4b8bae59ca8e58db3e5b086e58f91e5b883e79a846d61634f532031312e3420e78988e69cace4b8ade8bf99e4b880e997aee9a298e58fafe883bde4bc9ae5be97e588b0e4bfaee5a48de4ba863c2f7370616e3e3c2f703e3c703e3c62723e3c2f703e3c703e3c696d67207372633d222f75706c6f61642f32303231303630392f393933313632333230343439322e6a706567223e3c2f703e3c703e3c62723e3c2f703e3c703e3c696d67207372633d222f75706c6f61642f32303231303630392f3836313632333230343439322e6a706567223e3c2f703e','2021-06-09 10:08:13','2021-06-09 10:08:21',1,0,14),(189,6,'在“躺平”的时代 iPad Pro如何帮助我平衡工作与生活',X'3c703e3c7370616e207374796c653d22636f6c6f723a207267622835312c2035312c203531293b223ee794b1e4ba8ee5b7a5e4bd9ce79a84e58e9fe59ba0efbc8ce68891e69bbee69c89e5b9b8e4bd93e9aa8ce588b0e88bb9e69e9ce594aee4bbb7e69c80e69882e8b4b5e79a8450726f20446973706c617920584452e38082e5bd93313030303030303a31e5afb9e6af94e5baa6e38081e69c80e9ab9831363030e5b0bce789b9e4baaee5baa6e7ad89e586b7e586b0e586b0e79a84e695b0e68daee58c96e4bd9ce5b18fe5b995e4b88ae79a84e7b2bee5bda9e794bbe99da2e697b6efbc8ce68891e6898de79c9fe6ada3e79086e8a7a3e4ba86e2809ce5be81e69c8de58f8ce79cbcefbc8ce99c87e692bce4babae5bf83e2809de8bf99e58fa5e8af9de79a84e79c9fe6ada3e590abe4b989efbc9ae9a5b1e6bba1e79a84e889b2e5bda9e8a1a8e78eb0efbc8ce7ae80e79bb4e5b0b1e698afe4b880e59cbae8a786e8a789e79a84e79b9be5aeb4e38082e587ade5809f6d696e69204c4544e79a84e4bc98e58abfefbc8ce696b0695061642050726fe59ca8e698bee7a4bae7baafe9bb91e794bbe99da2e697b6e58fafe4bba5e5819ae588b0e5ae8ce585a8e4b88de58f91e58589efbc8ce5ae9ee78eb0e7b1bbe4bcbc4f4c4544e5b18fe5b995e79a84e69588e69e9cefbc8ce4b88de4bc9ae69c89e4bdbfe794a84c4344e5b18fe5b995e697b6e2809ce781b0e89299e89299e2809de79a84e6849fe8a789e38082e59ba0e6ada4e5bd93e68891e59ca8695061642050726fe4b88ae4bdbfe794a84c69676874726f6f6de4bfaee59bbee697b6efbc8ce8bf99e59d97e5b18fe5b995e58fafe4bba5e68f90e4be9be69bb4e5a5bde79a84e6988ee69a97e5afb9e6af94efbc8ce8b083e695b4e794bbe99da2e69a97e983a8e58cbae59f9fe79a84e697b6e58099e58fafe4bba5e7b2bee7a1aee59cb0e68e8ce68fa1e7bb86e88a82e4bfa1e681afe380823c2f7370616e3e3c2f703e3c703e3c62723e3c2f703e3c703e3c7370616e207374796c653d22636f6c6f723a207267622835312c2035312c203531293b223e3c7370616e20636c6173733d22716c2d637572736f72223eefbbbf3c2f7370616e3e3c2f7370616e3e3c696d67207372633d222f75706c6f61642f32303231303630392f353636313632333230343637352e706e67223e3c2f703e3c703e3c62723e3c2f703e3c703e3c62723e3c2f703e3c703e3c62723e3c2f703e','2021-06-09 10:11:15','2021-06-09 10:12:42',1,1,15);

INSERT INTO blog_users(id,name,email,password,avatar,quesion_count,answer_count,comment_count,fav_count,like_count,follower_count,following_count,setting,created_at,updated_at,is_admin) VALUES(1,'walker test','test@test.com','$2y$10$/dxwZRKhrRExHaweO7kFruK.DSCbwRaPYEJoh9G/4WP8FaPAOmKMi','xxxxx','0','0','0','0','0','0','0',NULL,'2021-03-14 04:10:11','2021-03-14 04:10:11',1),(2,'Lawrence Lebsack','ndenesik@example.org','$2y$10$/dxwZRKhrRExHaweO7kFruK.DSCbwRaPYEJoh9G/4WP8FaPAOmKMi','','0','0','0','0','0','0','0',NULL,'2021-03-17 03:32:17','2021-03-17 03:32:17',0),(3,'Miracle Stark','hettinger.rosemary@example.org','$2y$10$/dxwZRKhrRExHaweO7kFruK.DSCbwRaPYEJoh9G/4WP8FaPAOmKMi','','0','0','0','0','0','0','0',NULL,'2021-03-17 03:32:17','2021-03-17 03:32:17',0),(4,'Ms. Josephine Nolan','xtorp@example.org','$2y$10$/dxwZRKhrRExHaweO7kFruK.DSCbwRaPYEJoh9G/4WP8FaPAOmKMi','','0','0','0','0','0','0','0',NULL,'2021-03-17 03:32:17','2021-03-17 03:32:17',0),(5,'Ivory VonRueden','jade.cormier@example.org','$2y$10$/dxwZRKhrRExHaweO7kFruK.DSCbwRaPYEJoh9G/4WP8FaPAOmKMi','','0','0','0','0','0','0','0',NULL,'2021-03-17 03:32:17','2021-03-17 03:32:17',0),(6,'Malinda Murray','lynch.queen@example.net','$2y$10$/dxwZRKhrRExHaweO7kFruK.DSCbwRaPYEJoh9G/4WP8FaPAOmKMi','','0','0','0','0','0','0','0',NULL,'2021-03-17 03:32:17','2021-03-17 03:32:17',0),(7,'Emelie Powlowski','darwin66@example.com','$2y$10$/dxwZRKhrRExHaweO7kFruK.DSCbwRaPYEJoh9G/4WP8FaPAOmKMi','','0','0','0','0','0','0','0',NULL,'2021-03-17 03:32:17','2021-03-17 03:32:17',0),(8,'Lilla Yost','vern.hahn@example.org','$2y$10$/dxwZRKhrRExHaweO7kFruK.DSCbwRaPYEJoh9G/4WP8FaPAOmKMi','','0','0','0','0','0','0','0',NULL,'2021-03-17 03:32:17','2021-03-17 03:32:17',0),(9,'Manuel West','sammie96@example.org','$2y$10$/dxwZRKhrRExHaweO7kFruK.DSCbwRaPYEJoh9G/4WP8FaPAOmKMi','','0','0','0','0','0','0','0',NULL,'2021-03-17 03:32:17','2021-03-17 03:32:17',0),(10,'Mrs. Ernestine Yundt II','laron.ankunding@example.com','$2y$10$/dxwZRKhrRExHaweO7kFruK.DSCbwRaPYEJoh9G/4WP8FaPAOmKMi','','0','0','0','0','0','0','0',NULL,'2021-03-17 03:32:17','2021-03-17 03:32:17',0),(11,'Joesph Borer','heidenreich.jameson@example.org','$2y$10$/dxwZRKhrRExHaweO7kFruK.DSCbwRaPYEJoh9G/4WP8FaPAOmKMi','','0','0','0','0','0','0','0',NULL,'2021-03-17 03:32:17','2021-03-17 03:32:17',0),(12,'Mr. Adrian Schroeder','tressie06@example.org','$2y$10$/dxwZRKhrRExHaweO7kFruK.DSCbwRaPYEJoh9G/4WP8FaPAOmKMi','','0','0','0','0','0','0','0',NULL,'2021-03-17 03:32:17','2021-03-17 03:32:17',0),(13,'Virginia Bartoletti','dspinka@example.org','$2y$10$/dxwZRKhrRExHaweO7kFruK.DSCbwRaPYEJoh9G/4WP8FaPAOmKMi','','0','0','0','0','0','0','0',NULL,'2021-03-17 03:32:17','2021-03-17 03:32:17',0),(14,'Mr. Jo Nikolaus III','camron.king@example.net','$2y$10$/dxwZRKhrRExHaweO7kFruK.DSCbwRaPYEJoh9G/4WP8FaPAOmKMi','','0','0','0','0','0','0','0',NULL,'2021-03-17 03:32:17','2021-03-17 03:32:17',0),(15,'Margret Schmeler','eveline45@example.org','$2y$10$/dxwZRKhrRExHaweO7kFruK.DSCbwRaPYEJoh9G/4WP8FaPAOmKMi','','0','0','0','0','0','0','0',NULL,'2021-03-17 03:32:17','2021-03-17 03:32:17',0),(16,'Darrick O\'Hara II','lavina.raynor@example.com','$2y$10$/dxwZRKhrRExHaweO7kFruK.DSCbwRaPYEJoh9G/4WP8FaPAOmKMi','','0','0','0','0','0','0','0',NULL,'2021-03-17 03:32:17','2021-03-17 03:32:17',0),(17,'Prof. Violet Konopelski','caleb.mann@example.org','$2y$10$/dxwZRKhrRExHaweO7kFruK.DSCbwRaPYEJoh9G/4WP8FaPAOmKMi','','0','0','0','0','0','0','0',NULL,'2021-03-17 03:32:17','2021-03-17 03:32:17',0),(18,'Mr. Kayden Ernser IV','penelope.kihn@example.net','$2y$10$/dxwZRKhrRExHaweO7kFruK.DSCbwRaPYEJoh9G/4WP8FaPAOmKMi','','0','0','0','0','0','0','0',NULL,'2021-03-17 03:32:17','2021-03-17 03:32:17',0),(19,'Jakob Casper DVM','iwalter@example.net','$2y$10$/dxwZRKhrRExHaweO7kFruK.DSCbwRaPYEJoh9G/4WP8FaPAOmKMi','','0','0','0','0','0','0','0',NULL,'2021-03-17 03:32:17','2021-03-17 03:32:17',0),(20,'Vicente Kautzer','kitty.schulist@example.org','$2y$10$/dxwZRKhrRExHaweO7kFruK.DSCbwRaPYEJoh9G/4WP8FaPAOmKMi','','0','0','0','0','0','0','0',NULL,'2021-03-17 03:32:17','2021-03-17 03:32:17',0),(21,'Bobby Weissnat','aylin.bernhard@example.org','$2y$10$/dxwZRKhrRExHaweO7kFruK.DSCbwRaPYEJoh9G/4WP8FaPAOmKMi','','0','0','0','0','0','0','0',NULL,'2021-03-17 03:32:17','2021-03-17 03:32:17',0),(22,'Kristoffer Leannon','bruen.skylar@example.org','$2y$10$/dxwZRKhrRExHaweO7kFruK.DSCbwRaPYEJoh9G/4WP8FaPAOmKMi','','0','0','0','0','0','0','0',NULL,'2021-03-17 03:32:17','2021-03-17 03:32:17',0),(23,'Prof. Fritz Ruecker II','rwest@example.net','$2y$10$/dxwZRKhrRExHaweO7kFruK.DSCbwRaPYEJoh9G/4WP8FaPAOmKMi','','0','0','0','0','0','0','0',NULL,'2021-03-17 03:32:17','2021-03-17 03:32:17',0),(24,'Orion Hessel','jadams@example.org','$2y$10$/dxwZRKhrRExHaweO7kFruK.DSCbwRaPYEJoh9G/4WP8FaPAOmKMi','','0','0','0','0','0','0','0',NULL,'2021-03-17 03:32:17','2021-03-17 03:32:17',0),(25,'Sidney Johns','twiegand@example.org','$2y$10$/dxwZRKhrRExHaweO7kFruK.DSCbwRaPYEJoh9G/4WP8FaPAOmKMi','','0','0','0','0','0','0','0',NULL,'2021-03-17 03:32:17','2021-03-17 03:32:17',0),(26,'Miss Chasity Hartmann IV','hilpert.kendra@example.com','$2y$10$/dxwZRKhrRExHaweO7kFruK.DSCbwRaPYEJoh9G/4WP8FaPAOmKMi','','0','0','0','0','0','0','0',NULL,'2021-03-17 03:32:17','2021-03-17 03:32:17',0),(27,'Hilma Thompson','hershel87@example.org','$2y$10$/dxwZRKhrRExHaweO7kFruK.DSCbwRaPYEJoh9G/4WP8FaPAOmKMi','','0','0','0','0','0','0','0',NULL,'2021-03-17 03:32:17','2021-03-17 03:32:17',0),(28,'Mr. Trenton Watsica','jaleel00@example.net','$2y$10$/dxwZRKhrRExHaweO7kFruK.DSCbwRaPYEJoh9G/4WP8FaPAOmKMi','','0','0','0','0','0','0','0',NULL,'2021-03-17 03:32:17','2021-03-17 03:32:17',0),(29,'Lucie Beer','simonis.stefanie@example.com','$2y$10$/dxwZRKhrRExHaweO7kFruK.DSCbwRaPYEJoh9G/4WP8FaPAOmKMi','','0','0','0','0','0','0','0',NULL,'2021-03-17 03:32:17','2021-03-17 03:32:17',0),(30,'Ralph Thompson I','mitchell.manley@example.org','$2y$10$/dxwZRKhrRExHaweO7kFruK.DSCbwRaPYEJoh9G/4WP8FaPAOmKMi','','0','0','0','0','0','0','0',NULL,'2021-03-17 03:32:17','2021-03-17 03:32:17',0);

INSERT INTO carousels(id,name,url,is_visible,image_url,created_at,updated_at,mobile_image_url,display_priority) VALUES(2,'test2222111','xxxxxxx','Y','./upload/20210527/1561622082007.png','2021-05-02 23:06:59','2021-05-27 10:20:07','./upload/20210527/4431622082007.png',1),(3,'test3','ssssss','Y','./upload/20210527/5671622081990.png','2021-05-02 23:07:21','2021-05-27 10:19:50','./upload/20210527/8921622081990.png',3),(4,'TEST3','TEST4','Y','./upload/20210527/7821622081921.png','2021-05-27 00:08:44','2021-05-27 14:31:59','./upload/20210527/9441622081921.png',4);



INSERT INTO likes(id,user_id,article_id,created_at,updated_at) VALUES(14,1,148,'2021-05-19 01:11:17','2021-05-19 01:11:17'),(21,2,148,'2021-05-19 01:29:56','2021-05-19 01:29:56'),(23,3,60,'2021-05-19 01:38:17','2021-05-19 01:38:17'),(24,3,148,'2021-05-19 01:38:23','2021-05-19 01:38:23'),(29,4,59,'2021-05-19 03:23:14','2021-05-19 03:23:14'),(32,5,150,'2021-05-19 23:31:32','2021-05-19 23:31:32'),(80,4,152,'2021-05-24 11:50:56','2021-05-24 11:50:56'),(81,4,156,'2021-05-24 23:32:17','2021-05-24 23:32:17'),(82,4,150,'2021-05-24 23:34:21','2021-05-24 23:34:21'),(85,4,155,'2021-05-26 10:39:56','2021-05-26 10:39:56'),(89,1,150,'2021-05-28 01:21:22','2021-05-28 01:21:22'),(90,1,151,'2021-05-28 01:42:23','2021-05-28 01:42:23'),(91,1,154,'2021-05-28 01:43:57','2021-05-28 01:43:57'),(92,1,155,'2021-05-28 01:44:09','2021-05-28 01:44:09'),(93,1,156,'2021-05-28 02:09:03','2021-05-28 02:09:03'),(94,1,159,'2021-05-28 02:09:56','2021-05-28 02:09:56'),(95,1,160,'2021-05-28 02:18:22','2021-05-28 02:18:22'),(97,1,158,'2021-05-28 02:19:56','2021-05-28 02:19:56'),(99,1,157,'2021-05-28 02:21:42','2021-05-28 02:21:42'),(101,1,162,'2021-05-28 02:24:44','2021-05-28 02:24:44'),(102,1,163,'2021-05-28 08:52:01','2021-05-28 08:52:01'),(103,1,164,'2021-05-28 08:54:05','2021-05-28 08:54:05'),(106,1,167,'2021-05-28 08:57:25','2021-05-28 08:57:25'),(108,1,169,'2021-05-28 08:59:16','2021-05-28 08:59:16'),(109,1,170,'2021-05-28 09:01:25','2021-05-28 09:01:25'),(110,1,171,'2021-05-28 09:03:33','2021-05-28 09:03:33'),(111,1,172,'2021-05-28 10:05:32','2021-05-28 10:05:32'),(112,1,173,'2021-05-28 10:06:05','2021-05-28 10:06:05'),(113,1,174,'2021-05-28 10:08:51','2021-05-28 10:08:51'),(114,1,175,'2021-05-28 10:12:07','2021-05-28 10:12:07'),(118,1,178,'2021-05-28 12:36:56','2021-05-28 12:36:56'),(119,1,177,'2021-05-28 15:15:52','2021-05-28 15:15:52'),(121,1,161,'2021-05-30 03:08:42','2021-05-30 03:08:42'),(123,1,179,'2021-06-03 12:13:31','2021-06-03 12:13:31'),(125,1,182,'2021-06-04 12:30:57','2021-06-04 12:30:57'),(126,6,189,'2021-06-09 10:12:42','2021-06-09 10:12:42');

INSERT INTO migrations(id,migration,batch) VALUES(1,'2014_10_12_000000_create_users_table',1),(2,'2019_08_19_000000_create_failed_jobs_table',1),(3,'2021_03_05_022441_create_order_table',1),(4,'2021_03_08_112342_create_products_table',2),(5,'2021_03_10_061318_create_registers_table',3),(6,'2014_10_12_100000_create_password_resets_table',4),(7,'2021_03_13_032911_blog_user',5),(8,'2021_03_17_033954_create_profiles_table',6),(9,'2021_03_17_063549_create_articles_table',7),(10,'2021_03_19_155113_create_likes_table',8),(11,'2021_03_25_075717_create_topic_articles_table',9),(12,'2021_03_30_082019_create_tags_table',10),(13,'2021_03_30_092005_create_tags_articles',11),(14,'2021_04_06_105346_create_admins_table',12),(15,'2021_04_08_161129_create_roles_table',13),(16,'2021_04_13_173506_create_notices_table',14),(17,'2021_04_14_040740_create_jobs_table',15),(18,'2021_04_14_041613_user_notices_table',16),(19,'2021_04_22_110637_create_notifications_table',17),(20,'2021_04_26_044108_alter_table_articles',18),(21,'2021_04_27_075926_create_carousel_table',19),(22,'2016_06_01_000001_create_oauth_auth_codes_table',20),(23,'2016_06_01_000002_create_oauth_access_tokens_table',20),(24,'2016_06_01_000003_create_oauth_refresh_tokens_table',20),(25,'2016_06_01_000004_create_oauth_clients_table',20),(26,'2016_06_01_000005_create_oauth_personal_access_clients_table',20);

INSERT INTO notices(id,title,content,created_at,updated_at) VALUES(1,'test1','test111','2021-04-25 17:41:39','2021-04-25 17:41:39'),(2,'test2','1111111','2021-04-25 17:41:59','2021-04-25 17:41:59');

INSERT INTO notifications(id,type,notifiable_type,notifiable_id,data,read_at,created_at,updated_at) VALUES('01407d5a-e11f-4166-824b-3dbe37594a1b','App\\Notifications\\userLikeNotification','App\\BlogUsers',1,X'7b226e616d65223a2277616c6b65722074657374222c2261727469636c655f7469746c65223a227373227d','2021-05-28 10:12:11','2021-05-28 10:12:07','2021-05-28 10:12:11'),('29197699-26c3-442b-9fba-3fae0bede0b5','App\\Notifications\\userLikeNotification','App\\spa\\BlogUsers',6,X'7b226e616d65223a224d616c696e6461204d7572726179222c2261727469636c655f7469746c65223a225c75353732385c75323031635c75386562615c75356537335c75323031645c75373638345c75363566365c753465653320695061642050726f5c75353938325c75346635355c75356532655c75353261395c75363231315c75356537335c75383836315c75356465355c75346635635c75346530655c75373531665c7536643362227d',NULL,'2021-06-09 10:12:42','2021-06-09 10:12:42'),('2ab16b16-8186-4369-960b-876021ef254b','App\\Notifications\\userLikeNotification','App\\BlogUsers',1,X'7b226e616d65223a2277616c6b65722074657374222c2261727469636c655f7469746c65223a2273737373227d','2021-05-28 10:06:15','2021-05-28 10:06:05','2021-05-28 10:06:15'),('3bb2f336-fe5e-415d-bf55-d6b5a26b9bed','App\\Notifications\\userLikeNotification','App\\spa\\BlogUsers',1,X'7b226e616d65223a2277616c6b65722074657374222c2261727469636c655f7469746c65223a22746573743233227d','2021-05-29 02:34:59','2021-05-28 15:32:10','2021-05-29 02:34:59'),('4531b192-6e12-4091-8065-2f4071be3a18','App\\Notifications\\userLikeNotification','App\\BlogUsers',1,X'7b226e616d65223a2277616c6b65722074657374222c2261727469636c655f7469746c65223a227979797339227d',NULL,'2021-05-28 11:53:42','2021-05-28 11:53:42'),('47e0a332-a0b2-4f43-a1bf-3e3240ea0e1f','App\\Notifications\\userLikeNotification','App\\spa\\BlogUsers',1,X'7b226e616d65223a2277616c6b65722074657374222c2261727469636c655f7469746c65223a22746573743233227d','2021-05-29 01:23:45','2021-05-28 15:32:16','2021-05-29 01:23:45'),('7303b857-3f3b-4e8b-a586-38861b53d518','App\\Notifications\\userLikeNotification','App\\spa\\BlogUsers',1,X'7b226e616d65223a2277616c6b65722074657374222c2261727469636c655f7469746c65223a227373733838323931227d','2021-05-30 00:03:11','2021-05-28 15:15:52','2021-05-30 00:03:11'),('78c5e03f-beb0-4a8b-ab71-cfd56ab68545','App\\Notifications\\userLikeNotification','App\\spa\\BlogUsers',1,X'7b226e616d65223a2277616c6b65722074657374222c2261727469636c655f7469746c65223a227465737432333232227d','2021-05-30 03:08:20','2021-05-30 00:06:50','2021-05-30 03:08:20'),('7eb853b9-8b7f-4610-8d23-8c859631040c','App\\Notifications\\userLikeNotification','App\\spa\\BlogUsers',1,X'7b226e616d65223a2277616c6b65722074657374222c2261727469636c655f7469746c65223a225265646d69204e6f746520313053205c75356330365c75346538652035205c7536373038203133205c75363565355c75353732385c75353337305c75356561365c75353364315c75356530335c75666631615c75363432645c753866376420333057205c75356665625c7535313435202b2036344d50205c75346533625c75363434345c75393535635c75353933345c7566663031227d','2021-06-04 12:31:28','2021-06-04 12:30:50','2021-06-04 12:31:28'),('813f8b3b-7658-4d14-be5c-20b512ce89b5','App\\Notifications\\userLikeNotification','App\\BlogUsers',1,X'7b226e616d65223a2277616c6b65722074657374222c2261727469636c655f7469746c65223a22737373227d','2021-05-28 10:08:53','2021-05-28 10:08:51','2021-05-28 10:08:53'),('96ab3ee0-021e-4154-9596-5bb159babd82','App\\Notifications\\userLikeNotification','App\\spa\\BlogUsers',1,X'7b226e616d65223a2277616c6b65722074657374222c2261727469636c655f7469746c65223a227465737432333232227d',NULL,'2021-05-30 03:15:03','2021-05-30 03:15:03'),('a4fa7c50-8293-4352-a3b0-a94050ec7455','App\\Notifications\\userLikeNotification','App\\BlogUsers',1,X'7b226e616d65223a2277616c6b65722074657374222c2261727469636c655f7469746c65223a227777227d','2021-05-28 10:05:39','2021-05-28 10:05:32','2021-05-28 10:05:39'),('b85af54c-6957-401a-bd3e-cbf049e91945','App\\Notifications\\userLikeNotification','App\\spa\\BlogUsers',1,X'7b226e616d65223a2277616c6b65722074657374222c2261727469636c655f7469746c65223a227979797339227d','2021-05-30 03:08:23','2021-05-28 12:36:56','2021-05-30 03:08:23'),('bad61b10-c11c-4d0e-acba-9c984fda7635','App\\Notifications\\userLikeNotification','App\\BlogUsers',1,X'7b226e616d65223a2277616c6b65722074657374222c2261727469636c655f7469746c65223a22737373227d','2021-05-28 10:03:28','2021-05-28 09:03:33','2021-05-28 10:03:28'),('c8051d6c-1cfa-46de-a7cc-70a41c13377d','App\\Notifications\\userLikeNotification','App\\spa\\BlogUsers',1,X'7b226e616d65223a2277616c6b65722074657374222c2261727469636c655f7469746c65223a227465737432333232227d',NULL,'2021-06-03 12:13:31','2021-06-03 12:13:31'),('df5da751-9afd-4ad7-8efd-63ca86417235','App\\Notifications\\userLikeNotification','App\\BlogUsers',1,X'7b226e616d65223a2277616c6b65722074657374222c2261727469636c655f7469746c65223a22737373227d','2021-05-28 10:13:04','2021-05-28 10:12:55','2021-05-28 10:13:04'),('e143243b-05dc-45ba-ba37-4adaf67af2a7','App\\Notifications\\userLikeNotification','App\\BlogUsers',1,X'7b226e616d65223a2277616c6b65722074657374222c2261727469636c655f7469746c65223a227373733838323931227d','2021-05-28 11:50:43','2021-05-28 10:59:34','2021-05-28 11:50:43'),('e33dbfe1-bcd1-4fe4-87e7-0d66e41e1245','App\\Notifications\\userLikeNotification','App\\spa\\BlogUsers',1,X'7b226e616d65223a2277616c6b65722074657374222c2261727469636c655f7469746c65223a22323232227d','2021-06-03 15:02:42','2021-05-30 03:08:42','2021-06-03 15:02:42'),('e4d0e3d1-3c7d-4962-9604-0a59a30e6754','App\\Notifications\\userLikeNotification','App\\spa\\BlogUsers',1,X'7b226e616d65223a2277616c6b65722074657374222c2261727469636c655f7469746c65223a225c75363637615c75383066645c75363234625c75383836385c75366434625c75386263345c7566663161484f4e4f52204d61676963576174636820325c75666630635c75356239655c75373532385c75373638345c75353136385c75363562395c75346634645c75363637615c75383066645c75363234625c7538383638227d',NULL,'2021-06-05 00:15:59','2021-06-05 00:15:59'),('f7306ee3-dc12-4de8-a980-a6ef57819bd3','App\\Notifications\\userLikeNotification','App\\spa\\BlogUsers',1,X'7b226e616d65223a2277616c6b65722074657374222c2261727469636c655f7469746c65223a225265646d69204e6f746520313053205c75356330365c75346538652035205c7536373038203133205c75363565355c75353732385c75353337305c75356561365c75353364315c75356530335c75666631615c75363432645c753866376420333057205c75356665625c7535313435202b2036344d50205c75346533625c75363434345c75393535635c75353933345c7566663031227d','2021-06-04 12:31:27','2021-06-04 12:30:57','2021-06-04 12:31:27');

INSERT INTO oauth_access_tokens(id,user_id,client_id,name,scopes,revoked,created_at,updated_at,expires_at) VALUES('00174e1c443e41fbc17d58bfe6a4d14202d256a53d306c4486872ff31664dbb32f97e0bebff67018',4,9,NULL,X'5b5d',0,'2021-05-23 01:15:32','2021-05-23 01:15:32','2021-05-23 01:45:32'),('00e67e585712b9d44f434533c8b64cc43510835e1b39ae8309d73e1fda78d07cb212a9cf08fd7093',4,9,NULL,X'5b5d',0,'2021-05-22 00:31:14','2021-05-22 00:31:14','2021-05-22 01:01:14'),('010dfd798187a402ff957c9649232ed6c15da24cbac5469d334e51c34c0ac6afc4f30ce2330f111a',4,9,NULL,X'5b5d',0,'2021-05-23 04:06:22','2021-05-23 04:06:22','2021-05-23 04:36:22'),('01db7efa1010a3b1e0529311309aae4f92b451da935ad9dc5b84692975280e3723af6b44423dab84',4,9,NULL,X'5b5d',0,'2021-05-26 00:57:38','2021-05-26 00:57:38','2021-05-26 01:27:38'),('02883a25233819f95efe0891d63a7266f185f9b4acc8ebcf874ace539e0ef71f1489bb2447d66b30',4,9,NULL,X'5b5d',1,'2021-05-23 12:06:10','2021-05-23 12:06:10','2021-05-23 12:36:10'),('0357cc5a282bf8b0394878ef4db6c1f937bd1e94f9c12708dc5f76c24e483a9030ea9cdc4864a65c',4,9,NULL,X'5b5d',0,'2021-05-23 03:41:18','2021-05-23 03:41:18','2021-05-23 04:11:18'),('04f8a343fbdc8850b9704378d54c16c1de519441e897bcd69ef1d740f09ac6a037e6e1fbb13bd265',4,9,NULL,X'5b5d',0,'2021-05-22 00:19:57','2021-05-22 00:19:57','2021-05-22 00:49:57'),('04fd8492ae84e399dc270fea75ecbacc2b1f03f8d21d5c123cd3f558c2307c0673dc208842380fb3',1,9,NULL,X'5b5d',0,'2021-05-28 17:20:10','2021-05-28 17:20:10','2021-05-28 17:50:10'),('05484b58aee4e25f65ad21109a3acaa118c3f074b5dc279f653546693253b21ae347c0d510959ea0',4,9,NULL,X'5b5d',0,'2021-05-23 03:11:09','2021-05-23 03:11:09','2021-05-23 03:41:09'),('08b7c58532a936f219a6fef25944df18d9bf157ba87464df61a20496d2fd2982247f9185d4acebff',1,9,NULL,X'5b5d',0,'2021-05-29 12:41:43','2021-05-29 12:41:43','2021-05-29 13:11:43'),('0a463ba70e28d129038bb01da474628c878a8251035722a734a18130011e927601c4fdc906453f07',4,9,NULL,X'5b5d',0,'2021-05-23 01:14:46','2021-05-23 01:14:46','2021-05-23 01:44:46'),('0bb5fa5800cbf1d4b002fd0cb33b2c28b19cd77826208a6dd085ba55e8db3ea50af871b7b872eb94',NULL,3,NULL,X'5b5d',0,'2021-05-12 02:21:25','2021-05-12 02:21:25','2021-05-27 02:21:25'),('0be5ee0fa6faa6026657064ce62afddca57766cf6b46b4f800a86ca5c37f0e80534fa99f3ab6ca76',4,9,NULL,X'5b5d',0,'2021-05-23 04:02:48','2021-05-23 04:02:48','2021-05-23 04:32:48'),('0c9d4a4fb964c872a3a0eb81a5d28314410b3e3d4d802b81bb7c9679b02044e16bff30136383ae64',4,9,NULL,X'5b5d',1,'2021-05-23 12:16:27','2021-05-23 12:16:27','2021-05-23 12:46:27'),('0d34b18e4b0f24d2d09b5908d97fba0b88016eadacc2bdec7ad1153e9f5be0ca100881910f48e593',4,9,NULL,X'5b5d',0,'2021-05-22 12:55:00','2021-05-22 12:55:00','2021-05-22 13:25:00'),('0dfb9342ce32ff97ee78747cf33a44b72fd943a9e7bbd5394aa215b441acc6076673031efcf75215',1,9,NULL,X'5b5d',0,'2021-05-28 11:54:40','2021-05-28 11:54:40','2021-05-28 12:24:40'),('0e5fe12a152fd215ee52334097fd56e99e84af77b6d240c5f459c8853e38c8919d54b19b44a75f9c',4,9,NULL,X'5b5d',0,'2021-05-23 03:07:35','2021-05-23 03:07:35','2021-05-23 03:37:35'),('0e97f375eb730e41bde5d19353ebbbbe8dacbd7b07bce85c608891d940e84b242389378fd97fdc72',4,9,NULL,X'5b5d',0,'2021-05-22 00:20:46','2021-05-22 00:20:46','2021-05-22 00:50:46'),('0e99c4481e62f8c738a8f9fac66d5e13a681e3e424d86e96baa1f1d8463184b5e998c64fceea43d5',1,9,NULL,X'5b5d',1,'2021-05-30 03:00:44','2021-05-30 03:00:44','2021-05-31 03:00:44'),('0edcce19cb3726bcb968945732f8ac7c1777a04b1111b82a6537f40f40b3696494950183f6b23f5b',4,9,NULL,X'5b5d',1,'2021-05-24 11:50:28','2021-05-24 11:50:28','2021-05-24 12:20:28'),('0f416ef1ded9051135d0f73d95eb421904348f684890d439e4333216f7a2eeba08702bbf5674725d',4,9,NULL,X'5b5d',1,'2021-05-23 12:09:48','2021-05-23 12:09:48','2021-05-23 12:39:48'),('0f848e2a36754e3db72ff064e0e551462fea900d3179f38995577c3941c21844e8729f5fb746dd5c',NULL,3,NULL,X'5b222a225d',0,'2021-05-12 03:14:04','2021-05-12 03:14:04','2021-05-12 03:44:04'),('0faeb1839f0ce39515e9d0b726c93fe48c996f6fc350db03548d1642cb8f3b56c9e0d9a9772590b3',NULL,3,NULL,X'5b222a225d',0,'2021-05-12 03:14:18','2021-05-12 03:14:18','2021-05-12 03:44:17'),('0fd1de5dd5e74f25e7c3442f2ed7f63cb7fb9f92146d014a9ad0596ed5b26bad2f4a497b5a110742',1,9,NULL,X'5b5d',1,'2021-05-30 02:54:05','2021-05-30 02:54:05','2021-05-31 02:54:05'),('102f7f926839da72b73b779d0e068d90676406473fa3a7b0e39abff1e387006428ad782cc1a9252b',1,9,NULL,X'5b5d',0,'2021-06-03 12:13:10','2021-06-03 12:13:10','2021-06-04 12:13:10'),('11ca353cefa02b1bce56e01a31d480229ee909c68df4a1e00d12406a902a6e1239971a4624611576',1,9,NULL,X'5b5d',0,'2021-05-24 23:53:36','2021-05-24 23:53:36','2021-05-25 00:23:36'),('135b521831e2351eca5cdb13602c50e663f3edea8458869a77bb42af8d9a4bc66f607b65ec83fa68',4,9,NULL,X'5b5d',0,'2021-05-25 15:13:24','2021-05-25 15:13:24','2021-05-25 15:43:24'),('146bf7a41aa59aad5dbf31e74ed329897e507fcd7aa68e96c71c8d27383310179ab6cc48380353c0',1,1,'API Access',X'5b5d',0,'2021-05-12 03:48:48','2021-05-12 03:48:48','2022-05-12 03:48:48'),('15a4c421ab216e2c8b524fc8fedd6252ba23602f0059cffcf9e3b1dd582bf27db6b1645480d0efdb',4,9,NULL,X'5b5d',0,'2021-05-22 22:24:08','2021-05-22 22:24:08','2021-05-22 22:54:08'),('15b61d6f5ddf0d9135dfacdb5fd7663695c3f5249cc0320831e46935fa079027925e858cdcfe06a3',1,9,NULL,X'5b5d',0,'2021-05-28 15:51:19','2021-05-28 15:51:19','2021-05-28 16:21:19'),('15caa07813cb99b729c7bc2c1d60e8122bfa64c0be039e3d2c8a62faadd9347c93870b8f32b467d5',1,9,NULL,X'5b5d',1,'2021-05-28 15:31:40','2021-05-28 15:31:40','2021-05-28 16:01:40'),('1638d16c94cd952fed12eb36cb73d2e30f32dd16ac045cf9a6eb09c6dd52865d570ddb381b550416',NULL,2,NULL,X'5b5d',0,'2021-05-12 01:44:58','2021-05-12 01:44:58','2021-05-27 01:44:58'),('167fd4adec26c7354489f427ec259f92f7dd0251ebd9c29302adee657d703b5fcec8c3c9864d66f6',4,9,NULL,X'5b5d',0,'2021-05-23 01:35:14','2021-05-23 01:35:14','2021-05-23 02:05:14'),('16caa59a4d08d441f50b2943b7290b2a9d9a9f8b47cbf83395d65518abd31ae1a8f9fb6a48035110',4,9,NULL,X'5b5d',1,'2021-05-23 03:16:29','2021-05-23 03:16:29','2021-05-23 03:46:29'),('172c178f07be8933af21a62967f16ede8158f15f752785190152e2a5b92dbdd28674c55e67f8bbea',4,9,NULL,X'5b5d',0,'2021-05-26 00:08:38','2021-05-26 00:08:38','2021-05-26 00:38:38'),('179f7ff66dc63f4a2fe22ac45755ecab2bf40732c8adc1367aa3d79c1b564f59d5f2bbff8b6cf3b4',NULL,3,NULL,X'5b222a225d',0,'2021-05-12 02:38:18','2021-05-12 02:38:18','2021-05-12 03:08:18'),('17ef72c04fa6c4259fa71d2de626553bad67f19bde28ff04c922bc4570fcb3745d5f9fc14910e20f',4,9,NULL,X'5b5d',0,'2021-05-24 16:57:26','2021-05-24 16:57:26','2021-05-24 17:27:26'),('18237b20ab70a56ebfb24955903ae4cae38fbfd77669d6fdac04174d462a06fd73fab32c2228a9e1',4,9,NULL,X'5b5d',0,'2021-05-26 02:01:56','2021-05-26 02:01:56','2021-05-26 02:31:56'),('18527dc5f5cd850adef557e148de7bd5e27f96b317d9ae80f9eea1fa17f3036dadc8d80485cf1cfb',NULL,3,NULL,X'5b5d',0,'2021-05-12 02:15:05','2021-05-12 02:15:05','2021-05-27 02:15:05'),('198ec53f635df6a4040fd4c1929bd624261b2b9b76f8abb2fc9302a2597e464005941a68e48ccc22',4,9,NULL,X'5b5d',0,'2021-05-22 00:10:56','2021-05-22 00:10:56','2021-05-22 00:40:56'),('19b1c84d1fb6b4534076f1c921bb5c507c884cfa09d39000f9da84cc82f44cc4c94581134ef6d63a',1,9,NULL,X'5b5d',0,'2021-05-27 23:47:37','2021-05-27 23:47:37','2021-05-28 00:17:37'),('1a49d39356062e21ba682b8e9556dc3472cdf57a0b5caa3dc71b053cc03f03e68c6ee05ae51f3ee7',NULL,3,NULL,X'5b222a225d',0,'2021-05-12 02:25:15','2021-05-12 02:25:15','2021-05-12 02:26:15'),('1b16ea42eba4cdbef14b58a368db6c9b7b6025efac31434221a49e006c83c0e0b16962004f1af2fc',4,9,NULL,X'5b5d',0,'2021-05-22 12:48:41','2021-05-22 12:48:41','2021-05-22 13:18:41'),('1b2e9b2858a0cc98f854f43adef630b2432ddce235dc90df47f2b13b6f45eef69994c487803000bf',NULL,3,NULL,X'5b222a225d',0,'2021-05-12 03:14:35','2021-05-12 03:14:35','2021-05-12 03:44:35'),('1bc5dc7b6f66306cf95a222c4866ae9900e3fa575116422c8695b3f5c7bfe49e5c2c342f16c94cf9',4,9,NULL,X'5b5d',0,'2021-05-23 04:05:52','2021-05-23 04:05:52','2021-05-23 04:35:52'),('1cfd9eb16791b4244aa7b78fcc10165be97659ffea53b290662d83c650c10f6a24f6d3b8cbee6709',4,9,NULL,X'5b5d',0,'2021-05-23 12:10:04','2021-05-23 12:10:04','2021-05-23 12:40:04'),('1fb7b5a1e69e30969a06441a5ba5f36820f983ef0c4fd8231fec62e9bb933167c57b43fee8b4e968',4,9,NULL,X'5b5d',0,'2021-05-23 03:08:15','2021-05-23 03:08:15','2021-05-23 03:38:15'),('2036639dccf6ee02ce97a9aaafeae21b3a1ff17e8eee72a85a1fbb95eedb43d865adbcbe4c33ef51',4,9,NULL,X'5b5d',1,'2021-05-24 11:09:59','2021-05-24 11:09:59','2021-05-24 11:39:59'),('20c9c4582aa18c13603748d5ecbb683429fbc64601a13973a174d6cf734331e5727bbdef56389989',4,9,NULL,X'5b5d',0,'2021-05-23 12:15:07','2021-05-23 12:15:07','2021-05-23 12:45:07'),('22c1a988f6db403e208363d2ece5b6c9e39cec509b604c741c4d1a3c1348102d37929f73ec5664d5',1,5,NULL,X'5b222a225d',0,'2021-05-12 03:57:13','2021-05-12 03:57:13','2021-05-12 04:27:13'),('23337fc9be9fb6a0abfe64c3bfd6521b3501d2a689ed3eb776971d245b979dd0c50d3b2a6824b961',1,5,NULL,X'5b222a225d',0,'2021-05-21 02:52:17','2021-05-21 02:52:17','2021-05-21 03:22:17'),('2338dd0b77e18a7091c9175210f7243e5935305665bcf2a3bf9cdc19eb35766699ce5e5f7d20bc8c',4,9,NULL,X'5b5d',1,'2021-05-24 00:36:56','2021-05-24 00:36:56','2021-05-24 01:06:56'),('234168d4aab628c18685b8b28adef0c8d7d319d122df1bb0d8941e2c478a19ead22d9a00f99709ee',1,9,NULL,X'5b5d',0,'2021-05-23 12:40:37','2021-05-23 12:40:37','2021-05-23 13:10:37'),('24a9b3c264e31e5016de9bacbec83f47411a21aa24f24b8879c2969bb1f2be6c527e84b7a1f4e81d',NULL,3,NULL,X'5b5d',0,'2021-05-12 02:10:22','2021-05-12 02:10:22','2021-05-27 02:10:22'),('25323df1fbb678111e8f2427994de3d2fe503537b1d803286f9638aef3968a3b19a9decf87a54ffd',1,5,NULL,X'5b222a225d',0,'2021-05-12 03:55:49','2021-05-12 03:55:49','2021-05-12 04:25:49'),('25c8ee42a644a370abe341bc7c8f6ea5dc364fd0da637f17f83d77c189a10cc475537176e3960fec',4,9,NULL,X'5b5d',0,'2021-05-24 03:31:49','2021-05-24 03:31:49','2021-05-24 04:01:49'),('26f7368945a63fac3b87ac97844e5d99eb7fd2b663b8536c333a2937cec079342b1effd7c8d8f2d6',4,9,NULL,X'5b5d',0,'2021-05-22 12:48:35','2021-05-22 12:48:35','2021-05-22 13:18:35'),('27d2e4d52f414dd51fa640b672b0f312cfb8ce221fcf1b129d9ffab5a94aeced64a4002545d85612',1,9,NULL,X'5b5d',1,'2021-05-28 15:45:09','2021-05-28 15:45:09','2021-05-28 16:15:09'),('2b8f37ecee8f9a636dff8e996400faac321351115a8470459ee17602c1ec4b7a6658efe01643ab84',4,9,NULL,X'5b5d',0,'2021-05-23 12:04:45','2021-05-23 12:04:45','2021-05-23 12:34:45'),('2bceb19267b8cf203a4bb045edb90e61198d77bb4d19d016459392dd587ba8c6adfd7386f3f4d365',4,9,NULL,X'5b5d',0,'2021-05-23 12:09:33','2021-05-23 12:09:33','2021-05-23 12:39:33'),('2cab745055f5fe9877cf62b4af5c25a09d47f30c3458063bc2b4ee9ee75b5be0b0040ff68e9c073f',4,9,NULL,X'5b5d',0,'2021-05-22 00:09:11','2021-05-22 00:09:11','2021-05-22 00:39:11'),('2d442f552706b082cba35e64160d717ce62f32297aa8405c6f3e1fc64def8940317e92d0ecc744fa',4,9,NULL,X'5b5d',0,'2021-05-22 02:14:01','2021-05-22 02:14:01','2021-05-22 02:44:01'),('2dab08d19ecb40c8d67bf5461628c01ff39f4ebf54d709631273dbdb36e316924e6ee9150d1b81c4',4,9,NULL,X'5b5d',0,'2021-05-22 00:07:25','2021-05-22 00:07:25','2021-05-22 00:37:25'),('2e9b43f2c5fcdbff2aee4ae605f681d6d8ba438539ac4047f5f9fd0f6b0b8c911b7e65e4db2e3551',1,9,NULL,X'5b5d',0,'2021-05-28 01:10:56','2021-05-28 01:10:56','2021-05-28 01:40:56'),('2ec025ee84a27e4516c57280e7e6b28b2d13592e64a038ffc5664bb6ce4034e826c29ca8bcc61e93',4,9,NULL,X'5b5d',1,'2021-05-23 12:32:18','2021-05-23 12:32:18','2021-05-23 13:02:18'),('2f1aa9c95b9a36bb39ecd57b0b2d0f1f10ed7b24c294118554154087b45c9afbf7a095c76828b9b4',4,9,NULL,X'5b5d',0,'2021-05-23 01:17:04','2021-05-23 01:17:04','2021-05-23 01:47:04'),('2f79d515a91ba4e73fd7f19bf801df351b1970a0a8c43f41f1c6023a9c5ad642174b7819228390cb',4,9,NULL,X'5b5d',0,'2021-05-23 03:56:52','2021-05-23 03:56:52','2021-05-23 04:26:52'),('2fcecf70b6b151be4e0f8a34d3a11af3d40378a71930c47658fcbc288d4dca3f9b582df2fe3a6ed9',4,9,NULL,X'5b5d',0,'2021-05-22 00:30:38','2021-05-22 00:30:38','2021-05-22 01:00:38'),('2fd8c355560cbb59da68bf74af7659249b3fb9fb643975487d45c90a1cfb4ae5b9463bb85d74ad57',4,9,NULL,X'5b5d',1,'2021-05-23 12:13:57','2021-05-23 12:13:57','2021-05-23 12:43:57'),('31a3bab01467e8627edd5e8a82c115b7904ebce5a6b0e7e23095f4ba86ab084f3377f04251bd17e0',4,9,NULL,X'5b5d',1,'2021-05-23 12:29:07','2021-05-23 12:29:07','2021-05-23 12:59:07'),('3297bbfebe54d2375539cb0ef0f8033e75fe459741ffe1a4570cd13d6c64d909be56f7e908d8d965',NULL,3,NULL,X'5b222a225d',0,'2021-05-12 02:25:26','2021-05-12 02:25:26','2021-05-12 02:26:26'),('33a3ff2c94c35d27e1f8d89f6203e49053d9a14d5266f7f2f0fcce1de1fbb092756b85088bf34b2f',1,9,NULL,X'5b5d',0,'2021-05-29 11:10:05','2021-05-29 11:10:05','2021-05-29 11:40:05'),('33cdc7b63f4e810e715db174ae3af7b4857b110b90a4687af1393417d0f2a3b70fe8a5ea31adcd53',1,9,NULL,X'5b5d',0,'2021-05-28 12:35:35','2021-05-28 12:35:35','2021-05-28 13:05:35'),('340ae74d195b8c46cf801a6205427b6b2e548d34195d971ea7841de34c1c36e26b7dff148df52613',4,9,NULL,X'5b5d',0,'2021-05-22 12:57:31','2021-05-22 12:57:31','2021-05-22 13:27:31'),('35d34a17027220566b7e7634f55b38ceec46a53d65e5bc358bd116d876973c46917edcac9c73d068',1,9,NULL,X'5b5d',1,'2021-05-30 02:59:59','2021-05-30 02:59:59','2021-05-31 02:59:58'),('3663349a3681f3a79fc0b0200501214d05978aecf785f07377ea6c97e9d7915e2130374ce5b01e46',NULL,2,NULL,X'5b5d',0,'2021-05-12 01:34:14','2021-05-12 01:34:14','2021-05-27 01:34:14'),('3670b8c83fe0e6c77ce5d64f266573f7f6e6e9c6b40f91379cf9d5b0572f1650fecfcace51e4b698',NULL,3,NULL,X'5b5d',0,'2021-05-12 02:15:01','2021-05-12 02:15:01','2021-05-27 02:15:01'),('378913fb4a296bb2c75d869a71812b2c51d6ec619dcb8a84f1165b21d8dfab7f51d4eae62b0f243f',NULL,3,NULL,X'5b222a225d',0,'2021-05-12 02:29:50','2021-05-12 02:29:50','2021-05-12 02:30:50'),('3ae9ec96805a295ff7180a62b6d979322d091f772a74d431a2aa54077ba1e37c2e277fe6bb8f811e',4,9,NULL,X'5b5d',1,'2021-05-23 12:23:47','2021-05-23 12:23:47','2021-05-23 12:53:47'),('3bc5c371f757c8b24305d29497433ff3f7d603529e6ca4f32157531a1f662e8840e682e32107dba1',4,9,NULL,X'5b5d',0,'2021-05-23 11:56:56','2021-05-23 11:56:56','2021-05-23 12:26:56'),('3bc95f7ad818bd9ae28ab282ab6d9f94703afda57ec1e8e99a5c9fb6293241fc927954e42fc31d02',1,1,'API Access',X'5b5d',0,'2021-05-12 00:26:02','2021-05-12 00:26:02','2022-05-12 00:26:02'),('3c0aad026d175357b95ec51f7002d7d64105fb1ca9bc0d73569ba7252495454aa387669c202e9c12',4,9,NULL,X'5b5d',0,'2021-05-23 12:36:41','2021-05-23 12:36:41','2021-05-23 13:06:41'),('3c290e1ec4ace2a6f738835b8c18a3c4980ae17ce9976f323d875e882dc002f705643db424fad118',4,9,NULL,X'5b5d',1,'2021-05-24 12:07:20','2021-05-24 12:07:20','2021-05-24 12:37:20'),('3c3208344f7009fd97035c49b431297f8dbe27941b5769d640259e29b252fbc41e7803ada9e26db7',1,9,NULL,X'5b5d',1,'2021-06-09 09:25:49','2021-06-09 09:25:49','2021-06-10 09:25:49'),('3c5e9fa73844e2e3a0c0cb120a554ed55c2bce84baf2f9945a42784272de9af5730518fb92f534f9',4,9,NULL,X'5b5d',0,'2021-05-22 10:30:53','2021-05-22 10:30:53','2021-05-22 11:00:53'),('3ce5910c3a6d277a70a2d31f3deadf3cb44ce7bc7480cfc13d907068275039e53c8e2c79dca2b6aa',1,9,NULL,X'5b5d',1,'2021-05-28 15:11:30','2021-05-28 15:11:30','2021-05-28 15:41:30'),('3cfca5c292af7ceddce9af17182b3ba61087d36dc9d51d3288f16490693f0abc53a260e10bbcd696',4,9,NULL,X'5b5d',0,'2021-05-23 01:14:26','2021-05-23 01:14:26','2021-05-23 01:44:26'),('4049b0730ee775b0ccb60a57ad2428cc057ec133ea86587e58831494ce0a3a8b9e8552c754b62154',1,9,NULL,X'5b5d',1,'2021-06-09 10:13:20','2021-06-09 10:13:20','2021-06-10 10:13:20'),('41b7c0d37b094aec811340090a37039641fbb7a00cda9e47e2ea817a87c048efa2e6558d7f9d3685',4,9,NULL,X'5b5d',0,'2021-05-23 02:28:33','2021-05-23 02:28:33','2021-05-23 02:58:33'),('42e8ebf554f7a8ee461692118851b4127100c385bf33ff08367760efbc7a3b848ecf4eeb8d9a3848',4,9,NULL,X'5b5d',0,'2021-05-21 03:08:08','2021-05-21 03:08:08','2021-05-21 03:38:08'),('432fff76efc91a2f5754fe48c749eedae2deeb814d21452dee7ba2eb97f47a4035f78795ab356538',1,9,NULL,X'5b5d',0,'2021-05-29 01:45:31','2021-05-29 01:45:31','2021-05-29 02:15:31'),('43987cb85cfb3a6636482f21f6835aa73d5fcea2ab9ec7586c69a08bc585be1241e817683e42fcf0',4,9,NULL,X'5b5d',1,'2021-05-23 03:19:55','2021-05-23 03:19:55','2021-05-23 03:49:55'),('44060d72981defac60da89ab45a8f575a67f79d05f09e8db7d88ea10512bb0d31732546529f690ed',1,9,NULL,X'5b5d',1,'2021-05-30 02:51:09','2021-05-30 02:51:09','2021-05-31 02:51:09'),('45000d85ab25be3cb51cb6c8f0cf1317a6a7ae25989d0ae9f1ab4b540f312cdbe42f4627b30b9f40',4,9,NULL,X'5b5d',0,'2021-05-23 03:13:56','2021-05-23 03:13:56','2021-05-23 03:43:56'),('451ea5443def4d505c7d1eee30ab281559d985ecf4c7723605928597b7d84173405ce6ec0bed8b64',4,9,NULL,X'5b5d',0,'2021-05-23 12:05:23','2021-05-23 12:05:23','2021-05-23 12:35:23'),('46822a3d0da2c269f4140cc1875e4aebf54c0c36b327d0d1b2d5184d0ddeb73eaa9f3149620283f9',NULL,3,NULL,X'5b222a225d',0,'2021-05-12 03:14:27','2021-05-12 03:14:27','2021-05-12 03:44:27'),('4763d18c3bab5c1e8c556bec5ea5664be28bdc6103de8eb1b82b53b98e382d85dce6802b0e9e9221',1,9,NULL,X'5b5d',0,'2021-05-29 02:29:54','2021-05-29 02:29:54','2021-05-29 02:59:54'),('48607b7efc4e0e5c6a91f47e99edc4a8c0ff4cafb0d269e602fe332335a8e2e747ce571d54e49ae0',4,9,NULL,X'5b5d',0,'2021-05-23 12:38:15','2021-05-23 12:38:15','2021-05-23 13:08:15'),('48683b79e80f35694931db450a36d14f2fc41b1bab5dfa5eebbc72a2c307fe308c9cba4951f0bd94',1,9,NULL,X'5b5d',1,'2021-06-03 14:49:12','2021-06-03 14:49:12','2021-06-04 14:49:12'),('4959fc3b9d1d000b00e8c7ee092b2d7f1f9226b07e41bb8aa505e8ae6be2b9f75f6af7fcb325c943',4,9,NULL,X'5b5d',0,'2021-05-22 12:56:01','2021-05-22 12:56:01','2021-05-22 13:26:01'),('49d8344e238e100e83c4bcda4521657676caa71a65394c4afa56368a983452a359c13d012b497b3d',4,9,NULL,X'5b5d',0,'2021-05-23 03:20:15','2021-05-23 03:20:15','2021-05-23 03:50:15'),('49eb199c49be0f3d07dd9bb3cb5c362c0aa6d78204d0a45f2b36d5a3e69f40f09f3269468fd8241e',2,9,NULL,X'5b5d',1,'2021-06-09 09:27:46','2021-06-09 09:27:46','2021-06-10 09:27:46'),('4adaf3fd65aaea3af5b7b0cfc13759c161fd8e3bc04c17e0a39f1a74e6f8a3e3bdb5006edd9e26e3',4,9,NULL,X'5b5d',0,'2021-05-22 00:17:51','2021-05-22 00:17:51','2021-05-22 00:47:51'),('4afa1b17212d6a0f2ab3ac7730925c1cff5ef94b194e105a39061616280b0e007b74f38093e09e66',4,9,NULL,X'5b5d',0,'2021-05-26 08:53:55','2021-05-26 08:53:55','2021-05-26 09:23:55'),('4bcf395731341e61a317a874f23d81fc8992a7533ab77a4e0172822991cbeb0ff36c13e0897a4fb2',4,9,NULL,X'5b5d',0,'2021-05-23 12:26:56','2021-05-23 12:26:56','2021-05-23 12:56:56'),('4c3050a0e17ba760b255a7e99623f3d5f1313f25270416fbc0c183aed1e1966b353af2ad0661ec84',4,9,NULL,X'5b5d',0,'2021-05-23 12:32:12','2021-05-23 12:32:12','2021-05-23 13:02:12'),('4cea71e30aa7c9b4ec3cf56215532527266951240ca1c4b061107ea9a0519a3209b2fc30d751b87b',4,9,NULL,X'5b5d',0,'2021-05-23 11:56:19','2021-05-23 11:56:19','2021-05-23 12:26:19'),('4d0bddbb4a232d4ec1c26d35cb2adb209a47f5170bc0aaf9929c518de1dbd2a56778d42817598b4b',4,9,NULL,X'5b5d',0,'2021-05-23 12:15:56','2021-05-23 12:15:56','2021-05-23 12:45:56'),('4dcb1876c6a7b92b961573638e0f35974584b1d2f6461914580cb21f52218f9e81bc9b77850e37b7',4,9,NULL,X'5b5d',0,'2021-05-23 12:06:19','2021-05-23 12:06:19','2021-05-23 12:36:19'),('4ee01c6c29efcbbda105782ec1f2994a76a42723a5ac1ee38c40be66d484a9c2c029b46fe62c5bb0',4,9,NULL,X'5b5d',0,'2021-05-23 03:03:39','2021-05-23 03:03:39','2021-05-23 03:33:39'),('4fc06662ff0eebb5b8b7a5d93db4bb1686d2893d16c5b85ef68d713adbab7d652d73799b43663d86',4,9,NULL,X'5b5d',1,'2021-05-23 12:13:28','2021-05-23 12:13:28','2021-05-23 12:43:28'),('4fd5ebb6261c0d8c2431d140bbaf953c599f8c51efa8146e5eba84d1e361a725971a3af6a3d6df8c',4,9,NULL,X'5b5d',0,'2021-05-23 04:03:23','2021-05-23 04:03:23','2021-05-23 04:33:23'),('500fe3a85f8b496ad07ebb15b224733389543143492752f86dba2a93f07b9522ecc7b5f97914cf49',4,9,NULL,X'5b5d',1,'2021-05-23 11:49:27','2021-05-23 11:49:27','2021-05-23 12:19:27'),('505085665310b8a0676a8a9eab81d333ed0f992e3e056f945da8b4e61864d073d84847c5ec617969',4,9,NULL,X'5b5d',0,'2021-05-23 12:14:38','2021-05-23 12:14:38','2021-05-23 12:44:38'),('50b868e571649ad185bfa383128f1b199af8c9ee7c022d3e434beec90794e4bac882c535abee00bf',4,9,NULL,X'5b5d',0,'2021-05-25 23:38:23','2021-05-25 23:38:23','2021-05-26 00:08:23'),('5150070512b4778efc927fe916f7ef5fc37fca09679bf41a6e0b10c72df6dcadbe69ecea4ce48f5c',4,9,NULL,X'5b5d',0,'2021-05-24 16:58:51','2021-05-24 16:58:51','2021-05-24 17:28:51'),('51666d1cb99069e139891ae30503f595369c7d7cf5eeaf724692a32bd3d6f44b292bf3154be88d8d',4,9,NULL,X'5b5d',0,'2021-05-22 00:08:29','2021-05-22 00:08:29','2021-05-22 00:38:29'),('51e56b6ae8d8a91374125eab8875ada6d3dc98e84258f0743419c7ee0c3afc8975842a6461a61f79',4,9,NULL,X'5b5d',0,'2021-05-24 16:58:23','2021-05-24 16:58:23','2021-05-24 17:28:23'),('5216378d3e50d879c7528a1994a1becef072bbf4870161160fc6d1c050ecab2bcfd795a1d4e7d165',1,5,NULL,X'5b222a225d',0,'2021-05-12 16:45:55','2021-05-12 16:45:55','2021-05-12 17:15:55'),('52375f480ed25c3c134f022a6d65ddc341adaf7880f3b2578512f5fdc7ab4d5f24ee3849403e18cd',4,9,NULL,X'5b5d',1,'2021-05-24 01:00:36','2021-05-24 01:00:36','2021-05-24 01:30:36'),('53610c8dfc4cf6f56ed3e0e9ecec060ae9483ce31c1e06fdb1e8aaaa604f0a4360406cd3fff60308',1,9,NULL,X'5b5d',1,'2021-05-23 22:39:58','2021-05-23 22:39:58','2021-05-23 23:09:58'),('545be6d71588f7a9516712b4310289086753f49ab4cf847a5ebe1c150e72f39f23d203458afa900e',4,9,NULL,X'5b5d',0,'2021-05-21 23:40:17','2021-05-21 23:40:17','2021-05-22 00:10:17'),('5540c685fa29aa19f31dfc5e3b83305e51e792579b53b20b30f44a7a9f016e36e0911a53a51791c0',NULL,3,NULL,X'5b222a225d',0,'2021-05-12 03:14:15','2021-05-12 03:14:15','2021-05-12 03:44:15'),('554f0af56ee3a2efcec481a2862839dcdb76a4ccad1ff383fe9c03764ab833f08b2d6d842bbbc2b4',4,9,NULL,X'5b5d',1,'2021-05-23 12:12:21','2021-05-23 12:12:21','2021-05-23 12:42:21'),('563e19c2ec507f8a131981e93f2fdd6c89f52393cda39001d8abf488346b14a6cf5c4f676a5c124d',4,9,NULL,X'5b5d',0,'2021-05-23 11:59:01','2021-05-23 11:59:01','2021-05-23 12:29:01'),('5640800fec1f5b7384a741a0f5dd8ff790bd9915f90455115a6e2072569b08cd4f8ad95001b83de4',1,9,NULL,X'5b5d',1,'2021-05-30 02:49:16','2021-05-30 02:49:16','2021-05-31 02:49:16'),('58d3efe3310228ea620ec9cc6e12bd73908d091fc81c1dfa2813fa3cca35e1ab489351ef5564f93c',4,9,NULL,X'5b5d',1,'2021-05-23 03:14:50','2021-05-23 03:14:50','2021-05-23 03:44:50'),('5918eedccb01b5c0d5483a5955e4e4aea274d8c04a33bfcf77f332815aad69bfe95e376b5a7cb7d7',4,9,NULL,X'5b5d',0,'2021-05-23 01:15:42','2021-05-23 01:15:42','2021-05-23 01:45:42'),('59a65709b1555c2ec2620435aca18e5c20e69b58e8e7fd650c08f62f8e6e9127c88d8387f85f36d7',1,9,NULL,X'5b5d',0,'2021-05-29 12:10:54','2021-05-29 12:10:54','2021-05-29 12:40:54'),('59c8490e972b166dc928ae6684640ca2f4a8fb3fabcced88b40122dadc13a6079c89f617daf74a7b',4,9,NULL,X'5b5d',1,'2021-05-23 12:08:52','2021-05-23 12:08:52','2021-05-23 12:38:52'),('59d1fff3e05b8437c993cff73c09a456d561a570c3314c96add4d23c26725be3f4364bcb73bae760',NULL,3,NULL,X'5b222a225d',0,'2021-05-12 02:25:18','2021-05-12 02:25:18','2021-05-12 02:26:18'),('59da4378b51021ac3672d420fd370799b4009cb1f8fd939f1e7fd338c34852e8be573ee49a2b3f09',4,9,NULL,X'5b5d',0,'2021-05-22 00:15:23','2021-05-22 00:15:23','2021-05-22 00:45:23'),('5d3079a49ea8232a3db93cd5f6fdcb274e5d46f22816865a5a8457680c5f67f081ff8a5aa9717d51',4,9,NULL,X'5b5d',0,'2021-05-23 12:30:08','2021-05-23 12:30:08','2021-05-23 13:00:07'),('5db5f4f9b170f07ae69af91dc2a0414e8bb3525cee4e9a520cc37b260b1c2d65d733497b2799e78c',1,5,NULL,X'5b222a225d',0,'2021-05-21 02:52:14','2021-05-21 02:52:14','2021-05-21 03:22:14'),('5db774dbba68d233016d07a43c3351601e09c20fb51b43bba0b359ffbc0284fa9997aa62c97a0740',NULL,3,NULL,X'5b222a225d',0,'2021-05-12 02:40:43','2021-05-12 02:40:43','2021-05-12 03:10:43'),('5de218255ad157d1c9f02d3cb3fd26494d54172074cec5373abef55fc0e6e81627d7d9daacfb21fb',4,9,NULL,X'5b5d',1,'2021-05-23 03:14:26','2021-05-23 03:14:26','2021-05-23 03:44:26'),('5e62ea31cdde2cbebe7075bbbfec0973ce0be3e9046d93a02f795e1a671dc7853e33d68f73505a81',1,9,NULL,X'5b5d',0,'2021-05-30 03:14:59','2021-05-30 03:14:59','2021-05-31 03:14:59'),('600ba1dfdc7c4b864817f5cf8de93262d141840411284c7e2ae74450464bd8cb3e7495bbb0f674e1',NULL,3,NULL,X'5b5d',0,'2021-05-12 02:29:03','2021-05-12 02:29:03','2021-05-12 02:30:03'),('60184cccb96643727b72b5d7ac724f5da5a10e19b66ecb215c93d7a759dc4ebaefcec55fde0cf60a',4,9,NULL,X'5b5d',0,'2021-05-22 12:48:48','2021-05-22 12:48:48','2021-05-22 13:18:48'),('608a90070ad0ce41b832bf1cce9bef15d2e0030791a2e1f08c803b64b1a84ea3015a806d1821d246',4,9,NULL,X'5b5d',1,'2021-05-23 12:11:42','2021-05-23 12:11:42','2021-05-23 12:41:42'),('60aa4e688ae30aa2c46873d235f54ceacb586b0958e1cabb0bbd544a69c1bace1ccac3977f3dbef3',4,9,NULL,X'5b5d',0,'2021-05-23 12:05:52','2021-05-23 12:05:52','2021-05-23 12:35:52'),('60db6a1292f18da5c0b61ea7ce06ac078738e281cc675b3cc4ca877f4c2d2f0192d22dc38a9cf815',4,9,NULL,X'5b5d',0,'2021-05-23 01:40:45','2021-05-23 01:40:45','2021-05-23 02:10:45'),('61189b628b74bfa0b2120f37c5b8e666e39e7427002a35db04166428427e923106707a4e6cbe7621',4,9,NULL,X'5b5d',0,'2021-05-21 23:41:53','2021-05-21 23:41:53','2021-05-22 00:11:53'),('631d0f2e924b77684bdbafba4bfd21bf7d78c6df77dcb989317369c03c78ff2a6dd7731bd92316b9',NULL,3,NULL,X'5b5d',0,'2021-05-12 03:44:29','2021-05-12 03:44:29','2021-05-12 04:14:29'),('63a8ae4f8f15075c381437191cb97955e1c489789993293f35735b844287d40923a23b14809f662a',4,9,NULL,X'5b5d',0,'2021-05-23 03:04:55','2021-05-23 03:04:55','2021-05-23 03:34:55'),('63ff285caaecebd9a4dff93dd14e8eccc532974dc0d19409493dc560752b0cdb49b1a41f27e5c55d',4,9,NULL,X'5b5d',0,'2021-05-22 12:44:16','2021-05-22 12:44:16','2021-05-22 13:14:16'),('65c4a6bdc5a304268611826d39dfa1b0d742233f684c23219fa798a94224c238c9bd0909f13b083a',4,9,NULL,X'5b5d',0,'2021-05-23 03:08:27','2021-05-23 03:08:27','2021-05-23 03:38:27'),('66faa23dd547ee5bdefced5a2c871e5e44aecfe80e1765d174ea8875873110fa677d918480aeb3ac',4,9,NULL,X'5b5d',0,'2021-05-23 03:54:08','2021-05-23 03:54:08','2021-05-23 04:24:08'),('6796cab42f6a30a2d7f5985abe380fdac384f4ff01e3d1739a8ca5e9869bfd5afffdf0d71ee8a215',NULL,3,NULL,X'5b222a225d',0,'2021-05-12 02:19:33','2021-05-12 02:19:33','2021-05-27 02:19:33'),('68a710efc22bd5c0920c380e1c392f5784846df40f5b791c5d472b5dd833d42767bf9e81b09ccc22',4,9,NULL,X'5b5d',1,'2021-05-24 17:57:54','2021-05-24 17:57:54','2021-05-24 18:27:54'),('696ecf7cf619d566d380904ef04cd4875983489e240b3740aa5cedf2a1fed413f0d1c4aeccda562b',4,9,NULL,X'5b5d',0,'2021-05-23 01:14:18','2021-05-23 01:14:18','2021-05-23 01:44:18'),('69817530683c35abca2a87f70fc2067957ea2dfae0141c64ea03dc2a57b0d56b3a2e77e1b1afa047',4,9,NULL,X'5b5d',0,'2021-05-23 03:10:10','2021-05-23 03:10:10','2021-05-23 03:40:10'),('69fdee3b70a3fc6e53e53ee023af2bacd08ce2704f9cc372d6183b8ec3cf3df29afda086e3c7837a',4,9,NULL,X'5b5d',1,'2021-05-23 12:23:23','2021-05-23 12:23:23','2021-05-23 12:53:23'),('6bb874a8a77203082d5a9acb0718b180053eeeef638be0ae30a0e3f442081c70e165b5861d63e8f0',4,9,NULL,X'5b5d',0,'2021-05-23 01:37:03','2021-05-23 01:37:03','2021-05-23 02:07:03'),('6bbe615dea7cbb99e7910bd4dd9859dec76c21bc868d351417d7dadc9fa98742f5710c59ea0ec1cb',4,9,NULL,X'5b5d',1,'2021-06-09 09:42:02','2021-06-09 09:42:02','2021-06-10 09:42:02'),('6bdde1b593aa46bcb7d6626663632db3078cb2e723dc602d85fe65cb4e737b50a57cfab81b44f7d9',4,9,NULL,X'5b5d',0,'2021-05-22 00:08:03','2021-05-22 00:08:03','2021-05-22 00:38:03'),('6c854a7c6228d47ad46b0ba4066fcc750e0da5273e0eac072bc35d69574811a4d9a6b35ea4412b48',4,9,NULL,X'5b5d',0,'2021-05-26 00:16:56','2021-05-26 00:16:56','2021-05-26 00:46:56'),('6ca007a99e28147452e472bdfe91f4b88bd17b031d134e882aef07c1656804c5d05d9e04e8182793',NULL,3,NULL,X'5b222a225d',0,'2021-05-12 02:28:49','2021-05-12 02:28:49','2021-05-12 02:29:49'),('6d47e408348fff5c78a53b967df57062e4c323fc298a34d664abe1064a9acbd53265322d4d24a7d3',4,9,NULL,X'5b5d',1,'2021-05-23 12:34:12','2021-05-23 12:34:12','2021-05-23 13:04:12'),('6ef2e60a4cbc491e8bfec54252cc5b9cf085d08017264b45ad224903ba2c99255bc763c45556aac6',1,9,NULL,X'5b5d',0,'2021-05-21 03:01:03','2021-05-21 03:01:03','2021-05-21 03:31:03'),('707153fb2b6b6eef39caa72ab41a35001f31b4f49e6bc9583002d4e4024948936540a736b5f78b61',1,1,'API Access',X'5b5d',0,'2021-05-12 03:48:51','2021-05-12 03:48:51','2022-05-12 03:48:51'),('71a9bdac72013562290e9331a17e6405683d6971eda694a4b4afcc12f970d6f9d38f686077da339e',4,9,NULL,X'5b5d',1,'2021-05-24 02:35:49','2021-05-24 02:35:49','2021-05-24 03:05:49'),('7246419827d7d52555fdd69287c05f983998dfbb77f02b6a7816e005023649a4a40357c2ab85e371',NULL,3,NULL,X'5b5d',0,'2021-05-12 03:40:29','2021-05-12 03:40:29','2021-05-12 04:10:29'),('7388ff9c14b55a36ed6378d3fedce1344f216c41c866afbb47d0ea6bbef2d3ac189d517296ef4cff',4,9,NULL,X'5b5d',0,'2021-05-26 01:28:47','2021-05-26 01:28:47','2021-05-26 01:58:47'),('7397e4615bb9017cd4a3a4fd806f188add579d0ab1ce47b28d578c2f47b8904fbad99819db469af4',4,9,NULL,X'5b5d',1,'2021-05-23 12:14:42','2021-05-23 12:14:42','2021-05-23 12:44:42'),('744208542e490c86c62fedeb55598d6c4e826aed95cae4621c0fa35de7457d02521f80e785ab8fc6',4,9,NULL,X'5b5d',0,'2021-05-23 02:30:18','2021-05-23 02:30:18','2021-05-23 03:00:18'),('744cd22e23ef604710c3f9daf2416690b42e6cffe8bf79400b1ae05d914171a55b708874289985fc',4,9,NULL,X'5b5d',0,'2021-05-24 00:03:39','2021-05-24 00:03:39','2021-05-24 00:33:39'),('74a3d5419e5aceeef0ad5b37db5c8350b1a66a2a2045b3390a74a4656c35b1a788b3fe02dcde3bb6',1,9,NULL,X'5b5d',1,'2021-05-28 15:00:00','2021-05-28 15:00:00','2021-05-28 15:30:00'),('74d47c77014b4c1c1ac817d32aad65afec3d49683b86210185791be42e2e46c579db09508c79a953',1,9,NULL,X'5b5d',1,'2021-05-30 02:52:06','2021-05-30 02:52:06','2021-05-31 02:52:06'),('75c4841fc47c969b3157c5d4b1ad4ce1c88f9d5f763ff090736b57bb0f2f70c242ac70ff96504ba8',1,9,NULL,X'5b5d',0,'2021-05-29 13:14:01','2021-05-29 13:14:01','2021-05-29 13:44:01'),('75d80b929aa51f0bcb5d3ba76b486be09cb6b9eb61ed23b07e683fd620020328a6999c1386990c9f',1,9,NULL,X'5b5d',1,'2021-05-28 15:35:45','2021-05-28 15:35:45','2021-05-28 16:05:45'),('771fb0a01d22061678ca129b3c95d449b993be4fa61e6460823979a6904a745820efa212ee504f05',NULL,3,NULL,X'5b222a225d',0,'2021-05-12 02:25:08','2021-05-12 02:25:08','2021-05-12 02:26:08'),('7759142d85c844d3c8b0f48661c2063af5da4b40c649928208845ed7664fb82db36606c76185f5b8',4,9,NULL,X'5b5d',1,'2021-05-24 17:06:13','2021-05-24 17:06:13','2021-05-24 17:36:13'),('77c5073b773f7f0f2b5647ba767b2c3b66f1b4273f543cfe0b9fbc80e5ef8926e9a367c0be6849e2',4,9,NULL,X'5b5d',0,'2021-05-24 16:57:18','2021-05-24 16:57:18','2021-05-24 17:27:18'),('78f97c59a6656f51e6732d9c9c324d626ce6c4cb2d2226fbdca520197bcecafb386ca1ed1d71233e',1,9,NULL,X'5b5d',1,'2021-05-30 02:59:18','2021-05-30 02:59:18','2021-05-31 02:59:18'),('79b7bab15fecb637c3ae51868e22094488b995403678933b989a44c54684bc6ef13afff4633dd599',NULL,3,NULL,X'5b222a225d',0,'2021-05-12 03:14:11','2021-05-12 03:14:11','2021-05-12 03:44:11'),('79dc9c91d17e552700c0c182127a0fa6296810259c55e28b6d8d5474442769c96e86e7b871e8e319',4,9,NULL,X'5b5d',1,'2021-05-23 03:21:07','2021-05-23 03:21:07','2021-05-23 03:51:07'),('7a8f293d4105b7caa6d81394ca4c108ca9a4c7c73c2b225db2ee5b8b335f0c9f56278e4c20421885',4,9,NULL,X'5b5d',0,'2021-05-26 10:26:11','2021-05-26 10:26:11','2021-05-26 10:56:11'),('7af6582deb7109ef87c0efa064d3b15e98039c7f5555942a4b737e467941d7f7330a96234130e801',4,9,NULL,X'5b5d',0,'2021-05-22 12:59:00','2021-05-22 12:59:00','2021-05-22 13:29:00'),('7b2ad2687df7a8f5fc6375cdf50ad7250c61c74b1d592e0481345ffd47a7ebd81a16315aa843ca95',1,9,NULL,X'5b5d',0,'2021-05-24 01:01:36','2021-05-24 01:01:36','2021-05-24 01:31:36'),('7bf52444590aaa8ce7c54c1c8a636a91722aac28eb6212470697d329d11bf5ad10f2f4e952d067ae',4,9,NULL,X'5b5d',0,'2021-05-21 23:41:36','2021-05-21 23:41:36','2021-05-22 00:11:36'),('7c3393d4f99869538dbfcd82833c5e655176d5b4ae74db3a3bbe3473bcc7877255c921f6890a2ca7',4,9,NULL,X'5b5d',0,'2021-05-23 12:36:22','2021-05-23 12:36:22','2021-05-23 13:06:22'),('7c880efcb94ca510b766050805bae2ac9063d14495b6260fca66dd31e266896a1e746f90030bffaf',4,9,NULL,X'5b5d',1,'2021-05-23 12:28:31','2021-05-23 12:28:31','2021-05-23 12:58:31'),('7db4b356aec482e9edb582dfa562033578bf411698ea14af804a83582888b8eeb63a58de2285331e',4,9,NULL,X'5b5d',0,'2021-05-22 12:47:39','2021-05-22 12:47:39','2021-05-22 13:17:39'),('7deb7121cb33ae69557bb569f112ea2b891c858245eb4de6445bd8565ad6f0548f33953dc8302b66',4,9,NULL,X'5b5d',0,'2021-05-24 02:47:34','2021-05-24 02:47:34','2021-05-24 03:17:34'),('7df6554f908b53154b21c77e7e215eda03d96f50680c701dab954a4eb185c9d0546ac8bea4b1e93e',1,5,NULL,X'5b222a225d',0,'2021-05-21 02:52:25','2021-05-21 02:52:25','2021-05-21 03:22:25'),('802e989d20cc9db137c0a9e760db8c34dd26f4c8aabf09e5b761245065851241d69be8d6220c525d',1,9,NULL,X'5b5d',1,'2021-05-30 02:54:49','2021-05-30 02:54:49','2021-05-31 02:54:49'),('8068fcb740bbcc9d94b30f708528a58db03462120c2de3cfe7a5124684a9c0a0029a8f394f7a07f8',4,9,NULL,X'5b5d',0,'2021-05-22 00:34:20','2021-05-22 00:34:20','2021-05-22 01:04:20'),('80bda23e3f02a85bdff42982e02073b39b4245ed7db8dcf460b3c6735a58e999d191bef5e317b718',4,9,NULL,X'5b5d',1,'2021-05-23 12:14:22','2021-05-23 12:14:22','2021-05-23 12:44:22'),('81561b9bc3bb6a053c5b774439dd4d80be805e6a327cf31f3f9e8e59d11dcf25aa1b205fbe125739',4,9,NULL,X'5b5d',1,'2021-05-23 12:13:02','2021-05-23 12:13:02','2021-05-23 12:43:02'),('8194fcf9c70c0dbdea31d2dfb87df7834a0de89ee0ae379051074813df569ee8b0327ad4918b19ce',4,9,NULL,X'5b5d',0,'2021-05-23 03:09:04','2021-05-23 03:09:04','2021-05-23 03:39:04'),('819c16af12febdd49fd72944f687ea09ff5adb1259e2622113b59c63b6e3cc8ad1408a288338c3b8',4,9,NULL,X'5b5d',0,'2021-05-24 01:32:53','2021-05-24 01:32:53','2021-05-24 02:02:53'),('82675992ac4c8630fa7bbabc7f65a0d09521a4c3ab2c7074b62876506dc67098e69821692a6a12dd',4,9,NULL,X'5b5d',1,'2021-05-23 12:39:06','2021-05-23 12:39:06','2021-05-23 13:09:06'),('82ffa4ade9121f186b670dc036192a1249bbedda37ec6cfe1198f981e689689ad9423534cdf93caa',4,9,NULL,X'5b5d',0,'2021-05-23 12:36:48','2021-05-23 12:36:48','2021-05-23 13:06:48'),('836f13233227b3f7a7cb33602c2a07393d30bc9cad5780b2419c60365e51e67bbdc702a2e8699bd9',NULL,2,NULL,X'5b5d',0,'2021-05-12 01:45:07','2021-05-12 01:45:07','2021-05-27 01:45:07'),('83737433728da954075e8a756795b5f861e873032867ecb37c88d3a77f633143b234913d055cffba',4,9,NULL,X'5b5d',0,'2021-05-22 12:58:19','2021-05-22 12:58:19','2021-05-22 13:28:19'),('85b1391d10e84cf0a9c58618c5c8b01cb91dde1cc2d25bd396b3e1722e924647e2600b084647142e',1,9,NULL,X'5b5d',0,'2021-05-29 00:24:17','2021-05-29 00:24:17','2021-05-29 00:54:17'),('85b47c2ed4e0069f7993f8275c642cad715ce1dccce7bc73b687a1c1a5383fe668cccbbbad1c40be',4,9,NULL,X'5b5d',0,'2021-05-23 11:50:32','2021-05-23 11:50:32','2021-05-23 12:20:32'),('88028d13e61bc3a60eed32b694d253dc44b8b4a9f108e905b9b54ea180afe20dd02e2e9bbb5688ce',4,9,NULL,X'5b5d',0,'2021-05-23 12:34:04','2021-05-23 12:34:04','2021-05-23 13:04:04'),('89035e231e9909c61494902d1c30b39291bf82ed1c438c3cb5088fa18c307b8ffbd0ca6e7bbdd561',4,9,NULL,X'5b5d',1,'2021-05-23 12:38:08','2021-05-23 12:38:08','2021-05-23 13:08:08'),('8b1f732f729b34f6991e83f1c8dc600042673f97d90fdfa23fea6c51d0e6d1f46d334123f58383df',4,9,NULL,X'5b5d',0,'2021-05-22 00:25:30','2021-05-22 00:25:30','2021-05-22 00:55:30'),('8cece4d248ce5a1543f2f90336a831f8a47bad323c737a64d73f0b2dd59b9a8791a84a2a2f5328ab',5,9,NULL,X'5b5d',1,'2021-06-09 09:56:17','2021-06-09 09:56:17','2021-06-10 09:56:17'),('8cfd5122c9534eda6d5e7feaf83fa37f855191364df0710717be31a2b0aaec3650476e7d48cf87eb',4,9,NULL,X'5b5d',0,'2021-05-22 12:48:12','2021-05-22 12:48:12','2021-05-22 13:18:12'),('8d6be1e6812ce70705154d552777dd038e40a9370e5fab8a21683a26daa59437249669ffc5130d32',4,9,NULL,X'5b5d',0,'2021-05-22 00:09:43','2021-05-22 00:09:43','2021-05-22 00:39:43'),('8d9589012251604a5164135ffaac011196fd60cbf4e74d94f09bc13376385af0ef7f0db8a6910d26',4,9,NULL,X'5b5d',1,'2021-05-23 12:27:02','2021-05-23 12:27:02','2021-05-23 12:57:02'),('8dd1e2058ca4f3eb8f635442fb2d87f35f9fa07352a2197400b080d369d7698a5c23bd019f612dd0',4,9,NULL,X'5b5d',0,'2021-05-22 00:33:40','2021-05-22 00:33:40','2021-05-22 01:03:40'),('8fd9699772ab2b4ed6022341ac7f045345644d6c545b844a86eeb7e2d3c704ceb44ba038777a4862',4,9,NULL,X'5b5d',0,'2021-05-21 23:40:16','2021-05-21 23:40:16','2021-05-22 00:10:16'),('906d7b524850618e25bd5ccbe935db5b7fb9344ffb2b27cbedc23786d28125fca7caa07fcfd348e9',4,9,NULL,X'5b5d',0,'2021-05-23 02:04:15','2021-05-23 02:04:15','2021-05-23 02:34:15'),('9079d786cb188e2b1aae2391bf5c610ace772f945f332be070e056449ae9ce74a52db1810b69a9c9',4,9,NULL,X'5b5d',0,'2021-05-23 02:59:41','2021-05-23 02:59:41','2021-05-23 03:29:41'),('9112b7941946e4ff269fb709b324e1130ccf768cd1f9d394beeabd4447515be256c5fb58bb381d4f',4,9,NULL,X'5b5d',0,'2021-05-23 12:06:52','2021-05-23 12:06:52','2021-05-23 12:36:52'),('9267ca7b2fc8c38b3186b43a0ead40179a0dd5b7932d2a626712186f214e027d443f01977fc7e3aa',4,9,NULL,X'5b5d',0,'2021-05-23 03:55:51','2021-05-23 03:55:51','2021-05-23 04:25:51'),('92dca9b845b60e5bdbea479dd183bc29b1394d9fc7e859b56f30f2e4218bbcd04726530eae3aa4fc',4,9,NULL,X'5b5d',1,'2021-05-23 11:51:01','2021-05-23 11:51:01','2021-05-23 12:21:01'),('9340d7f7e15732d0b36a12f27d340f872de2c09387f4251701136af0ca18955cda1388773ca24c77',NULL,3,NULL,X'5b222a225d',0,'2021-05-12 00:58:56','2021-05-12 00:58:56','2021-05-27 00:58:56'),('95f9f78a7ea96be15d96753b342f459968063a867e95560e9938e968e19715c01090db7d3d4aacf2',4,9,NULL,X'5b5d',0,'2021-05-23 03:02:49','2021-05-23 03:02:49','2021-05-23 03:32:49'),('962f091429dd9d24fcfe72270d0d93f67a6971f86e6073df26141bc16c5b029b287678d6d9b89463',1,9,NULL,X'5b5d',0,'2021-05-29 10:34:47','2021-05-29 10:34:47','2021-05-29 11:04:47'),('973262372cb55e30a9848a455c554e4311b72b27e335e70f5efb6fc6dbeba6429ea0c121c97e55d8',1,9,NULL,X'5b5d',0,'2021-05-22 10:51:27','2021-05-22 10:51:27','2021-05-22 11:21:27'),('97b918d2423ec2cf6ab6744e90d8b633e7c37c95a7c421af6edc70b135f4e9e5706d40c2f5db0f97',4,9,NULL,X'5b5d',0,'2021-05-24 02:03:16','2021-05-24 02:03:16','2021-05-24 02:33:16'),('98882b5666a6f988858967fb49b94b133945c5d4f20d5c426308b85f80c93f9d6e0e4749f42dbd20',4,9,NULL,X'5b5d',0,'2021-05-23 01:47:18','2021-05-23 01:47:18','2021-05-23 02:17:18'),('98a88a63918edfca9a9ecf6f60d9b0b485195f06646bb8c1c252aac4d51881defd7df9b91c29030e',4,9,NULL,X'5b5d',0,'2021-05-24 16:59:20','2021-05-24 16:59:20','2021-05-24 17:29:20'),('9a3e17c36d15acf35ab150f443492ebf2849cdd5e83383862753ae9d53d1aa9886428b12b68e0de8',4,9,NULL,X'5b5d',1,'2021-05-23 12:30:17','2021-05-23 12:30:17','2021-05-23 13:00:17'),('9afde263a6e39e5068ba8bee84b8206297398e60cbba57cb019769f0466b6659eec33c73e6eff38b',1,9,NULL,X'5b5d',0,'2021-05-28 12:25:03','2021-05-28 12:25:03','2021-05-28 12:55:03'),('9b0abfd1974c47fe77e8273e70103d5884a89a5646e6a466fcd5f28eefae0780323cc12e8c8b4a8f',4,9,NULL,X'5b5d',0,'2021-05-23 02:20:22','2021-05-23 02:20:22','2021-05-23 02:50:22'),('9bdfe30b530e98a6407ed63c3472660ce8b903c32dd1accb2e577729b0506bf7a70f603bf1326cbd',4,9,NULL,X'5b5d',0,'2021-05-23 12:28:24','2021-05-23 12:28:24','2021-05-23 12:58:24'),('9d6e3865b2b2de277ab9faeabe139eb0f4cde16fdf07c643558fa4b4ab5e422285a6f6f9d133e015',4,9,NULL,X'5b5d',0,'2021-05-23 01:17:47','2021-05-23 01:17:47','2021-05-23 01:47:47'),('9d97659fafde24285bae3ced53f095330da05957be5284682827c5dab4e69d5f12a9d820814ad9b0',1,9,NULL,X'5b5d',1,'2021-06-08 15:59:54','2021-06-08 15:59:54','2021-06-09 15:59:54'),('9ec3bcd7fe9c790a1cf1fc31de8b7c8bb1f6191a3bdf96be04fa08a66454f31819d1e88cf2373b8a',4,9,NULL,X'5b5d',0,'2021-05-22 00:30:53','2021-05-22 00:30:53','2021-05-22 01:00:53'),('a04dce4fb6ca505c724fe26980a51d57c2af3aa0f3c46f9152f465a315fd0fb80099dd66592ed37d',1,9,NULL,X'5b5d',0,'2021-05-29 23:21:58','2021-05-29 23:21:58','2021-05-29 23:51:58'),('a1a1d063cfe9b1318aaebb6b8384c62dba7f4ce4806569f80ff78613e3ef6dfdbf5cfe60f14b750d',4,9,NULL,X'5b5d',0,'2021-05-21 23:53:27','2021-05-21 23:53:27','2021-05-22 00:23:27'),('a1aebf689233e06df2911e17c73448393f9ea20be0b474de92d5474c292f2b1f2d738bf00a068ba2',1,9,NULL,X'5b5d',1,'2021-05-30 02:51:42','2021-05-30 02:51:42','2021-05-31 02:51:42'),('a333b6ddd5472d00fe8dcd8d18edc5215b51f91d63aeddc2ba9fb3fe7ab25d81be77df6bf76c11b7',1,9,NULL,X'5b5d',0,'2021-05-28 15:44:04','2021-05-28 15:44:04','2021-05-28 16:14:04'),('a4542ebb2e09cbc2d418ca20667210de3f62a5bf87c44601e3c32cd9ad26c721961672ac3c7c4624',4,9,NULL,X'5b5d',1,'2021-05-23 12:16:01','2021-05-23 12:16:01','2021-05-23 12:46:01'),('a530f923a335e0c53cbabbf31b7418a8879106b380e7a63c2b9dc0b378af1606f23d505cb23da485',4,9,NULL,X'5b5d',0,'2021-05-23 01:40:28','2021-05-23 01:40:28','2021-05-23 02:10:28'),('a56306b05dabf4cd4b25a8c23ba835db02530d36ef7c6c7b7ac33ce28584e0d0e6335b8dced386d6',1,9,NULL,X'5b5d',0,'2021-05-27 10:53:46','2021-05-27 10:53:46','2021-05-27 11:23:46'),('a5fba355dacadf1dc250340ef52484cfcc6ab1ed49b0adff5df20968bae0e1c54e436d3f5f51c94f',1,9,NULL,X'5b5d',1,'2021-05-29 11:05:42','2021-05-29 11:05:42','2021-05-29 11:35:42'),('a60f9b558d8b4336200740dc18c972ee29376ca937badfbeb2b79efc5df1ff52778083a61db7dbcd',1,9,NULL,X'5b5d',1,'2021-05-29 02:23:44','2021-05-29 02:23:44','2021-05-29 02:53:44'),('a64cb56814aa0223681426f4a3ba269646a0cf98045b2f0410a2bbe6748c15eb6e2fbfd839b3e52e',NULL,3,NULL,X'5b222a225d',0,'2021-05-12 02:21:32','2021-05-12 02:21:32','2021-05-27 02:21:32'),('a659b9d472c0db4efe8352d3e045bd78ecd5df1b66715a2ce95a06e54aa9331cf529f0f8a4daea22',4,9,NULL,X'5b5d',1,'2021-05-23 22:31:02','2021-05-23 22:31:02','2021-05-23 23:01:02'),('a68acef28e0ddcd16e82ab17682d74636a921d06ffcbe6e3b943e371a9765020c64165f6888ec3f9',4,9,NULL,X'5b5d',0,'2021-05-23 03:35:30','2021-05-23 03:35:30','2021-05-23 04:05:30'),('aae6359b540cda2a8a23d36106a7366411c316868f6f0e847f87c028f75ef8783d59350d52854005',1,9,NULL,X'5b5d',1,'2021-05-28 15:46:26','2021-05-28 15:46:26','2021-05-28 16:16:26'),('ab4926071942272ec3e073331aecef7273737ce53fdf9906715fcca15cad8c700213fa006092be40',1,9,NULL,X'5b5d',0,'2021-06-04 23:24:40','2021-06-04 23:24:40','2021-06-05 23:24:40'),('ab5c89408c7c97d15f2fd71f24491310819bea183f2700220059819b019735edf0ef359027b6718c',1,9,NULL,X'5b5d',0,'2021-05-21 03:00:58','2021-05-21 03:00:58','2021-05-21 03:30:58'),('ac5d7a3f5c72b008dc4b96a49a0c4bdcf629031ab0990543a370943ca4bfa9bc7309afc154a34238',NULL,3,NULL,X'5b222a225d',0,'2021-05-12 02:38:21','2021-05-12 02:38:21','2021-05-12 03:08:21'),('aec0b6a0f14b63aa76db4e4761b7c90f1541f05b1c08f1b416f07513200cbe9ff2c437b42df28955',NULL,3,NULL,X'5b222a225d',0,'2021-05-12 02:25:12','2021-05-12 02:25:12','2021-05-12 02:26:12'),('b05839cb1a4ea95aa3ff889320502306db5cdcede50b9e172d458f308804d08c2bb5b1ca54b8397a',1,9,NULL,X'5b5d',0,'2021-05-28 15:31:55','2021-05-28 15:31:55','2021-05-28 16:01:55'),('b09b108cc1df02ea178e8c6cfbffff89c1b13cc8b025dfbd7d2bff57181fbf540f6cd66b1c997738',1,5,NULL,X'5b222a225d',0,'2021-05-21 02:56:35','2021-05-21 02:56:35','2021-05-21 03:26:35'),('b12a5525927ed610c6de44c6f55ddef20100af07db18995e12e3aeeccaad2bdbf56a4c2dc27e6470',4,9,NULL,X'5b5d',1,'2021-05-23 23:57:07','2021-05-23 23:57:07','2021-05-24 00:27:07'),('b1962e6774289c08c96633f0d1278776479348bff2f9d7b19f06040baa21eb8cfd7889cacbfa25fa',4,9,NULL,X'5b5d',1,'2021-05-23 12:38:41','2021-05-23 12:38:41','2021-05-23 13:08:41'),('b31a75668b17c262f504ce3914bc9398d651a4de8ff2e6b6fa40b412840eee1c7767dccd605f42fb',4,9,NULL,X'5b5d',0,'2021-05-23 12:28:57','2021-05-23 12:28:57','2021-05-23 12:58:57'),('b459a98d0403f1fd7800c7fce960bee914966c5696bca8957c2a3c54246fb53a03adc9f73b0462df',4,9,NULL,X'5b5d',0,'2021-05-23 12:23:37','2021-05-23 12:23:37','2021-05-23 12:53:37'),('b4fc0ec5a20b3dd3d2eefc5274d75338ea4313481d3b4220b0cb0fe0f7a2a7530da93b70dfe71730',4,9,NULL,X'5b5d',0,'2021-05-22 00:30:59','2021-05-22 00:30:59','2021-05-22 01:00:59'),('b544344fd140e4f19dbb3ac4bcc43802dbba755b33961908dc7791df7abbc5de92d811ab8a96cd73',4,9,NULL,X'5b5d',0,'2021-05-22 00:32:10','2021-05-22 00:32:10','2021-05-22 01:02:10'),('b54dadcd6ca7a474783ddaf84fcdeee91b1381c1498ec545c8379969c7e1a61ce7632c55b7cd9357',4,9,NULL,X'5b5d',1,'2021-05-23 03:21:57','2021-05-23 03:21:57','2021-05-23 03:51:57'),('b5686e422dcf3c1f6a51c3d01c7cc20e88c647a114f11a01a5eadbc51a08d6dc0b7312d54f57f764',1,5,NULL,X'5b222a225d',0,'2021-05-21 02:51:06','2021-05-21 02:51:06','2021-05-21 03:21:06'),('b56e5d607a1f6e741723089cee070024537ba7c99751dd443ddb51fdc8d44009cf63b2441db19f5a',1,9,NULL,X'5b5d',0,'2021-05-29 03:06:02','2021-05-29 03:06:02','2021-05-29 03:36:02'),('b58a0ee2647bafefb285ee0703fb76a0d76a035a87a3e11ee8362e657f51dd56e5b91a5af3b3731b',1,9,NULL,X'5b5d',1,'2021-05-30 02:46:06','2021-05-30 02:46:06','2021-05-31 02:46:06'),('b6f77dd823749907cfc1b85897ade96197ccd111ec1ffe1b166d22d303a7244efc76091d651dee0e',6,9,NULL,X'5b5d',1,'2021-06-09 10:05:48','2021-06-09 10:05:48','2021-06-10 10:05:48'),('b738650df936cef5b61149694fc82c0e67ae6dc66822e2c2356720741f89bddc6bcf75448f47a89c',4,9,NULL,X'5b5d',0,'2021-05-23 01:34:59','2021-05-23 01:34:59','2021-05-23 02:04:59'),('b754cf997522df9cd7d4adecf27f9798e1e7685634be86e80f40901ba08a60c165daf866667f836e',1,9,NULL,X'5b5d',1,'2021-05-30 03:00:26','2021-05-30 03:00:26','2021-05-31 03:00:26'),('b7a452456ae98acb73d341ea92bfd829207434cfc0e90108999cc458e3367e25e9b936ee10ff9ffc',4,9,NULL,X'5b5d',1,'2021-05-23 11:58:20','2021-05-23 11:58:20','2021-05-23 12:28:20'),('b812d6a2a8dccf016360283de4ac5365094aea05e8faee6399fe8899b0f8fa88c91e9138aaa60b34',1,9,NULL,X'5b5d',0,'2021-05-21 03:00:26','2021-05-21 03:00:26','2021-05-21 03:30:26'),('b814757aac778774b6e865e71486d94ff7d138bf472f727b1b2d45a430612c5d7f1f148ca7666a3a',NULL,3,NULL,X'5b222a225d',0,'2021-05-12 01:42:34','2021-05-12 01:42:34','2021-05-27 01:42:34'),('b86b1018c744632c1d7cd904caf0d4c96ecf2fe5c826bbfe060f483f40b2f295443a86bc94886243',4,9,NULL,X'5b5d',0,'2021-05-22 00:34:00','2021-05-22 00:34:00','2021-05-22 01:04:00'),('b9c0673dc82d15c2199fb615df2ede1bc9ad3837943018cf724a9cee951bd235eade438142c8f1b5',4,9,NULL,X'5b5d',1,'2021-05-24 17:45:38','2021-05-24 17:45:38','2021-05-24 18:15:38'),('b9c784c8d586d3fc6976f8005976d85301afbf12a835251c8d2938a4830770e97c98b78da607b648',NULL,2,NULL,X'5b5d',0,'2021-05-12 01:43:46','2021-05-12 01:43:46','2021-05-27 01:43:46'),('b9ed4735017927ab4a8505c095501529b441a31f2eb2aa3ed8872ed574e139c74510f798d2d51ead',NULL,3,NULL,X'5b5d',0,'2021-05-12 02:19:56','2021-05-12 02:19:56','2021-05-27 02:19:56'),('b9fd78a04561fa6a68eeaec403834e4361e89d9d6849cc960a98c42f5de416fcbbf8ba0c7fe22102',1,5,NULL,X'5b222a225d',0,'2021-05-12 16:45:22','2021-05-12 16:45:22','2021-05-12 17:15:22'),('ba6245710f5e392621ccfe34c2db817d6079c117f57321c7d788660f0cbb568be28f2be4c3f9ac3d',NULL,3,NULL,X'5b222a225d',0,'2021-05-12 02:23:18','2021-05-12 02:23:18','2021-05-27 02:23:18'),('ba97ddd4b90a17b31f78948866952d1805ac00bceb77779efb7edd13d1784c830439dbbbde70bdb8',1,9,NULL,X'5b5d',0,'2021-05-29 23:54:24','2021-05-29 23:54:24','2021-05-30 00:24:24'),('bb0932b0c2604d06a5d89b9e0c70c7e25311e9fae924e45399702175d2405a9aa31dbe47fe00d585',1,9,NULL,X'5b5d',1,'2021-05-24 00:54:27','2021-05-24 00:54:27','2021-05-24 01:24:27'),('bc6446e5fa467093f76dec76e5bae14340395bfb7770cb0c672e0298a01ff7402b0ce6bbf4ab4a90',1,9,NULL,X'5b5d',0,'2021-05-29 11:40:38','2021-05-29 11:40:38','2021-05-29 12:10:38'),('bc9bcdd9091b23181d17cbf9bbf1a71271ace8537d1c80842334ff96e0b5d67e0c9dc2b353fbde09',4,9,NULL,X'5b5d',0,'2021-05-25 14:51:05','2021-05-25 14:51:05','2021-05-25 15:21:05'),('bc9dc1b8caef7c8c9863c6748cf97bb880e6f20da60644201316a597c9525be9e7896c11f7fbc991',1,9,NULL,X'5b5d',0,'2021-05-29 01:53:11','2021-05-29 01:53:11','2021-05-29 02:23:11'),('bd019e896307335519a55e49294b6b1c62bd491d37a38abcdaaf1d14d7705a90398bd8239352c15f',1,9,NULL,X'5b5d',0,'2021-05-29 01:14:56','2021-05-29 01:14:56','2021-05-29 01:44:56'),('bd4ae7808bed452d70466f927e8a443766ed99d72f5d65b706988eb1e6d949fb76b84ffc1ee942a3',1,9,NULL,X'5b5d',1,'2021-05-28 14:50:24','2021-05-28 14:50:24','2021-05-28 15:20:24'),('bead0aa21be790bf3be56f38a6a80f4bc75a6f938bc0956421e764085bb82a03fb26a0b7f3ca9c53',NULL,3,NULL,X'5b5d',0,'2021-05-12 02:09:40','2021-05-12 02:09:40','2021-05-27 02:09:40'),('bf7a7881bee59e2cd9737c9f457f58858b5a4297879fcdb940149b972f6a2217877d953b8f418634',4,9,NULL,X'5b5d',0,'2021-05-21 23:48:36','2021-05-21 23:48:36','2021-05-22 00:18:36'),('bfce55aaf68f66bfb96585d1f9b441852763c2c9576f9ca39f904c6c1fa2c0f5e4b0233dc08dc5c9',4,9,NULL,X'5b5d',0,'2021-05-24 04:02:17','2021-05-24 04:02:17','2021-05-24 04:32:17'),('c034a7f1f8e778d52a2ee1fec22df029b44d3b5f997ada3fcc4ff8c3c0087f4dbef4720ee05a4aa5',4,9,NULL,X'5b5d',0,'2021-05-23 12:14:09','2021-05-23 12:14:09','2021-05-23 12:44:09'),('c0d3bf1233edee94ca221781c9efda090fcc5c5fb9ac82afae988a234bd30fbdcc4220ed5e88c83f',4,9,NULL,X'5b5d',0,'2021-05-23 03:13:26','2021-05-23 03:13:26','2021-05-23 03:43:26'),('c1876a37fce8551b28f3d178fd2b73270dbde5b5237c66d868643607c9367db446d17faed1117eb0',4,9,NULL,X'5b5d',0,'2021-05-23 01:18:57','2021-05-23 01:18:57','2021-05-23 01:48:57'),('c1a67c23c6ddaf39e47e12edc4cd68bc8e5f2c897e85b99cd97e7299158a480c40d0c9776a111479',1,1,'API Access',X'5b5d',0,'2021-05-11 00:49:35','2021-05-11 00:49:35','2022-05-11 00:49:35'),('c237dfc478e3f335b1d8e504c99f03ec42a891a9f4cc09a6467b5baddf297ec0e4440793edb79b70',4,9,NULL,X'5b5d',0,'2021-05-22 12:55:13','2021-05-22 12:55:13','2021-05-22 13:25:13'),('c331c3012475a641a44feeeb7192d7904efc522109a0e9b9009c2079901da5c219efc4c50200a3cc',1,9,NULL,X'5b5d',0,'2021-06-09 10:22:04','2021-06-09 10:22:04','2021-06-10 10:22:04'),('c432bfee02b0c428b442dc1045d1b08306e77b3a3b2a5b40801e2856726c17bc6bb5fdb81e7ce4c5',4,9,NULL,X'5b5d',0,'2021-05-22 00:11:57','2021-05-22 00:11:57','2021-05-22 00:41:57'),('c71cfedddf74bb378861dc4a3dbcc39b786a254210b0734890947d75e4109fa6b073aed8ada9a534',NULL,3,NULL,X'5b222a225d',0,'2021-05-12 02:38:23','2021-05-12 02:38:23','2021-05-12 03:08:23'),('c721b5593a2bbf697401cd436922d844ff23f583617f4992c1ad47a63f48bd969b05770db6c07399',NULL,3,NULL,X'5b222a225d',0,'2021-05-12 02:28:55','2021-05-12 02:28:55','2021-05-12 02:29:55'),('c7a8e659b52e69baf409603dad7c2d258921e6954699557677f0831542cde78d07e6f8b441380897',NULL,3,NULL,X'5b222a225d',0,'2021-05-12 03:14:24','2021-05-12 03:14:24','2021-05-12 03:44:24'),('c8626b4212682379ad8f5603f1bf35c5a139600fadce7b6f624569f2fd46bf264b4480a6423ac8ce',4,9,NULL,X'5b5d',0,'2021-05-22 00:08:30','2021-05-22 00:08:30','2021-05-22 00:38:30'),('ca5cf22c25c875baeb35e7acbc9169494c5dc0122363354c3ccf533c210145cf3a23c789e4631fb2',4,9,NULL,X'5b5d',1,'2021-05-24 23:31:41','2021-05-24 23:31:41','2021-05-25 00:01:41'),('cc3cbc72548e4061cfa25f21920f482c2cdeaaf9873163e20af85b657f254de947d8813b96604451',NULL,3,NULL,X'5b222a225d',0,'2021-05-12 02:25:20','2021-05-12 02:25:20','2021-05-12 02:26:20'),('cc7b084fd3648074c1dadbb86ab42d81a2788bd677d28c2eb43d2dcb7f46a84c3734445a416a041f',1,9,NULL,X'5b5d',0,'2021-05-29 13:02:42','2021-05-29 13:02:42','2021-05-29 13:32:42'),('cca7a01d568f04958f08eec7ed07d66b549f698bfc423c313a01936f29a17c48476dacbd580d3ba8',4,9,NULL,X'5b5d',1,'2021-05-23 12:15:03','2021-05-23 12:15:03','2021-05-23 12:45:03'),('cd282474d8f7f2401659356a66c97aa3a2539d73377b2b30f18780d0f91abe911d6731fb1e19bc0b',4,9,NULL,X'5b5d',0,'2021-05-23 12:04:19','2021-05-23 12:04:19','2021-05-23 12:34:19'),('ce289332d6fe096d9747d12b2cd5b303eb21cd3b9a2858508a02137f1e04eee7ee8d0a533e25641c',4,9,NULL,X'5b5d',1,'2021-05-23 03:21:40','2021-05-23 03:21:40','2021-05-23 03:51:40'),('d04d598e88b5977f5c4ee9d57af2f34015a173238c6b9babd9f352db7fea54093eaee046b4b76674',4,9,NULL,X'5b5d',1,'2021-05-24 23:35:22','2021-05-24 23:35:22','2021-05-25 00:05:22'),('d2e8b37deacf3a9a07701b04b061befe4c7a566a5f325b9082b5a00f750deabe54b09f6b1224d7bf',NULL,3,NULL,X'5b222a225d',0,'2021-05-12 02:25:23','2021-05-12 02:25:23','2021-05-12 02:26:23'),('d315eead0a30be1da12d3435692855ae9d75bfc87c3871e99892cfa8f8ec06179755d29e42fe57a0',4,9,NULL,X'5b5d',0,'2021-05-22 00:14:32','2021-05-22 00:14:32','2021-05-22 00:44:32'),('d3891df621eeaa6b81bb9044ff916632ac27710ddf9576ff0b2f44e6a6490c18a1b4051909c6293d',4,9,NULL,X'5b5d',0,'2021-05-24 12:08:14','2021-05-24 12:08:14','2021-05-24 12:38:14'),('d45b5d3bed014261f4c82c7891c29a6a62aca8f164f6a383a121cad3c6ecda663eebaa223d683951',4,9,NULL,X'5b5d',0,'2021-05-23 03:58:37','2021-05-23 03:58:37','2021-05-23 04:28:37'),('d4a9f336f7dd41176a331ab42fa948d9577be23bceba361d1469f1867e432b603df243ac5d3fb28c',4,9,NULL,X'5b5d',0,'2021-05-23 01:40:01','2021-05-23 01:40:01','2021-05-23 02:10:01'),('d4e191db18a01546c94da0c03bf0dc16a29aae4e3e3ce8fa4c2e9b27633b46066f82d49312ea8d87',NULL,3,NULL,X'5b5d',0,'2021-05-12 02:12:53','2021-05-12 02:12:53','2021-05-27 02:12:53'),('d5593a4343aefb881305744f2b7c4d5aee2eb0b44ec4f911f707183982d1d569db2520524b0b3c9e',4,9,NULL,X'5b5d',0,'2021-05-23 04:03:55','2021-05-23 04:03:55','2021-05-23 04:33:55'),('d776b689b4f8fe64d2ee508ee76c32b5cc48f2a1d16848284b0c2998f6de6c730d0f9095fe80c812',1,9,NULL,X'5b5d',0,'2021-05-28 15:05:37','2021-05-28 15:05:37','2021-05-28 15:35:37'),('d7bc7f35b25e52bdc1ad2dd935c586abcc806002e9e838a916d38606f74f5be1258718d4c42abce7',4,9,NULL,X'5b5d',0,'2021-05-24 17:01:19','2021-05-24 17:01:19','2021-05-24 17:31:19'),('d85030fac3bc5809fa9918558a0a835fc4c495402e17422654d385ffa0a9b225f5e41bd96368935b',4,9,NULL,X'5b5d',0,'2021-05-23 02:30:02','2021-05-23 02:30:02','2021-05-23 03:00:02'),('d8701c436b190845c286c561d8c0b62c53f92cf804441048b961151fb5ac98b6b279fdad13e182fe',4,9,NULL,X'5b5d',0,'2021-05-26 00:47:33','2021-05-26 00:47:33','2021-05-26 01:17:33'),('d9288dfbe66510e93e07eaa3f865f8e8e6c56d860321ca8ff3a18ea4d243aedc3852dd3f5aa40c8c',4,9,NULL,X'5b5d',0,'2021-05-22 12:55:27','2021-05-22 12:55:27','2021-05-22 13:25:27'),('d9c3d608b2886f5c060d6b33ca73dae9f038686963031eba5a1a9f67b2901671c211082dc49e6599',4,9,NULL,X'5b5d',0,'2021-05-23 12:14:55','2021-05-23 12:14:55','2021-05-23 12:44:55'),('dac0b6ded956dbe8cdbf1e539c6d17fd0f27b4a11e150a2cbee8a1b2dfc10cf926fa0f5ea0854a8d',4,9,NULL,X'5b5d',0,'2021-05-23 03:13:01','2021-05-23 03:13:01','2021-05-23 03:43:01'),('dca69b66e420754353a64f8c405143e861065b97e176224af286128b83bfd842c2d57ca04a4818ca',4,9,NULL,X'5b5d',0,'2021-05-23 12:10:27','2021-05-23 12:10:27','2021-05-23 12:40:27'),('ddb642c4b529ea4bbfe0aaf4013e7c02c201b2d40f0642529fd580e86830b72d388c9b5d47854bef',4,9,NULL,X'5b5d',1,'2021-05-23 03:21:32','2021-05-23 03:21:32','2021-05-23 03:51:32'),('dde83b4fcc7551ee1e2a2a0586cac7bf1e6c1ad85f6f5b5529643a0e89bf73c556e738fb90c121c6',1,9,NULL,X'5b5d',0,'2021-05-21 02:59:46','2021-05-21 02:59:46','2021-05-21 03:29:46'),('de5bff623e8b2c41384a523a6465bf087533121ddfc2ae9119b7e478f53a205977c73a7d762ac099',4,9,NULL,X'5b5d',0,'2021-05-23 12:27:39','2021-05-23 12:27:39','2021-05-23 12:57:39'),('df366bbb975956999d65a865fb3d9dbdab0957c2768613da7267bb4a2dc2d676d745e356977c4235',4,9,NULL,X'5b5d',0,'2021-05-23 12:23:18','2021-05-23 12:23:18','2021-05-23 12:53:18'),('e01e0c8c54f4eb669e34a371b846787966060b0cbfdaf859407618192b4d54eb17f26aca80f98875',4,9,NULL,X'5b5d',0,'2021-05-22 13:00:08','2021-05-22 13:00:08','2021-05-22 13:30:08'),('e0f65d2dd1556ab81eb95aacb31885ec13b7ac6f24ef025bb138982f59ebb435ffa525918f4e972f',NULL,2,NULL,X'5b5d',0,'2021-05-12 01:03:29','2021-05-12 01:03:29','2021-05-27 01:03:29'),('e1fb4ba30cbd51b9af48d2b33d97bd3788087b8b14e3139e4cefa432e48c3f95723407ea39ae9ee6',4,9,NULL,X'5b5d',1,'2021-05-23 12:38:03','2021-05-23 12:38:03','2021-05-23 13:08:03'),('e20809c80cf0bed28415171098a51486615dd995dbd1a53df44f85af834c22929386ea1d17085efd',4,9,NULL,X'5b5d',1,'2021-05-23 12:27:57','2021-05-23 12:27:57','2021-05-23 12:57:57'),('e24c9348c0b1b9c7a7b3762d4202326f2b7da2227cd50338bc2e0eef377bfecb6c7a84c613c06d42',4,9,NULL,X'5b5d',0,'2021-05-23 02:23:49','2021-05-23 02:23:49','2021-05-23 02:53:49'),('e3efb6620ab81472d3cb2fbbd429b59e6d4de685f7a70227075108bdcc135bba350100e9c1f50aba',4,9,NULL,X'5b5d',0,'2021-05-23 03:49:27','2021-05-23 03:49:27','2021-05-23 04:19:27'),('e4a86fd7b867e4583e48e9ef8b2756cd4a6969fa39dad75934e48fc46f7b867bbd267c03dbd8b1c2',1,9,NULL,X'5b5d',1,'2021-05-29 03:00:58','2021-05-29 03:00:58','2021-05-29 03:30:58'),('e50de5becd00d3d6ca9e5846bb96511a094f45dfb23d9ad2e25e385d79873b5aff7e3ebb220033ac',NULL,3,NULL,X'5b5d',0,'2021-05-12 02:12:22','2021-05-12 02:12:22','2021-05-27 02:12:22'),('e64999a401af4b92e5e7d0218334d8fc6a9af9c6a0a4640a2e7e30dd2d353fabc1bc61c495e6fd80',NULL,3,NULL,X'5b222a225d',0,'2021-05-12 02:37:55','2021-05-12 02:37:55','2021-05-12 02:38:55'),('e81dfbb31d85f498f33dc58647f436e0e4f3071d59a4e1f328c6e22e4055817d1f5a16f761d39497',4,9,NULL,X'5b5d',0,'2021-05-22 22:24:32','2021-05-22 22:24:32','2021-05-22 22:54:32'),('e8509a6a85750c161594400bb80804d4dc4516997ad11c89648dfa3787705bdbe35064a0b0f605a2',1,9,NULL,X'5b5d',1,'2021-05-30 00:25:25','2021-05-30 00:25:25','2021-05-31 00:25:25'),('e9a7cbcb3705546c9db7f220a1f2dae9cb9875547f173e638a9d9e52ca04585621dd87541b0ca4ed',NULL,3,NULL,X'5b222a225d',0,'2021-05-12 02:25:36','2021-05-12 02:25:36','2021-05-12 02:26:36'),('ea02d03a5d4a5a20b7e7a3b6c2287371254c57f4ba5d8f0fdf9b4506335d99fba541fc1a9f0f8e50',1,9,NULL,X'5b5d',1,'2021-06-04 01:32:04','2021-06-04 01:32:04','2021-06-05 01:32:04'),('ead33efcdfd0c505173c19426405e193362ef193c4219084654664c570015ae7faeda614052dda2d',1,9,NULL,X'5b5d',1,'2021-05-28 14:45:58','2021-05-28 14:45:58','2021-05-28 15:15:58'),('eb360eef7463a398c62fd347afcecaa4326dbd72baac60977188352943eee5eb4e85ae15e5bc4d27',4,9,NULL,X'5b5d',0,'2021-05-23 02:30:57','2021-05-23 02:30:57','2021-05-23 03:00:57'),('eb6829d20a6a4d6dffdbe70e5f4e34ac9303a62a7908dfa80c546fe52eb262934013e0e95f47ffeb',NULL,3,NULL,X'5b222a225d',0,'2021-05-12 02:40:39','2021-05-12 02:40:39','2021-05-12 03:10:39'),('eba88ad355883c5e8d94d57d5b07d3e46138e5e28a5b28b5e5306110c0094595e34be4850fd263eb',4,9,NULL,X'5b5d',0,'2021-05-22 00:18:37','2021-05-22 00:18:37','2021-05-22 00:48:37'),('ec6d20e6f557a2b64723ecc0d7e915a7c4fae6677096da8d015ab33f6edc883da17a842413a9dfe1',1,9,NULL,X'5b5d',1,'2021-05-28 15:15:13','2021-05-28 15:15:13','2021-05-28 15:45:13'),('eed787c77ef236c20881cf0605560700c7729b1984fc6f95bd61ff715a351e7c2bf885323144a4ee',4,9,NULL,X'5b5d',0,'2021-05-24 17:00:38','2021-05-24 17:00:38','2021-05-24 17:30:38'),('ef46dbb8cd5029fae5fe725477b69eb55ad8b21f3845eb71d3b37de042df3a02b3d2bded86062e28',4,9,NULL,X'5b5d',0,'2021-05-23 12:16:18','2021-05-23 12:16:18','2021-05-23 12:46:18'),('ef9b9a5749519174f9b8e47834fd64ff04a74d1f7cf4f207bbea9f40dc6ca3fbf086af18cfbdab65',1,9,NULL,X'5b5d',1,'2021-05-24 11:38:16','2021-05-24 11:38:16','2021-05-24 12:08:16'),('efef6489559f835dad2bf18fd046733a7817f35c257442031d5f4da7a2bdeeedba9fcf271c7e05c4',4,9,NULL,X'5b5d',0,'2021-05-23 04:00:26','2021-05-23 04:00:26','2021-05-23 04:30:26'),('f242dc911a56e3abeeac88f82a5bb67943369dacaa0f76fe3e4a06040a43a8791ec673377c3540ee',NULL,3,NULL,X'5b5d',0,'2021-05-12 02:15:29','2021-05-12 02:15:29','2021-05-27 02:15:29'),('f2ef6e2f497f6ffb6b1e53daacd7e306e4755c82c64c78bbe92075ad885ee9d855031f9db68d350f',4,9,NULL,X'5b5d',0,'2021-05-21 23:48:48','2021-05-21 23:48:48','2021-05-22 00:18:48'),('f3755d111a452fe5a4bf947272e51681dce5a7212c036a881ba7aba915397aaf580fc7e2d4572df8',4,9,NULL,X'5b5d',0,'2021-05-21 23:54:13','2021-05-21 23:54:13','2021-05-22 00:24:13'),('f3876d734924f8f4ababfb0eb567e5a84babaea0fea55ceecde05af524f6994394f9b112c143bf30',4,9,NULL,X'5b5d',0,'2021-05-22 02:46:48','2021-05-22 02:46:48','2021-05-22 03:16:48'),('f38e2b87ba574ae9d79c63bfa4bc7867987be0d8b300b8f42d458dfb4be724d89975a30dc9587317',NULL,3,NULL,X'5b222a225d',0,'2021-05-12 01:01:19','2021-05-12 01:01:19','2021-05-27 01:01:19'),('f4f051bcb844b8770bd0a1468b3fe6946cc75e40cf21d1b16e734b8733aab32660f69c0f9e00c56c',1,9,NULL,X'5b5d',1,'2021-05-30 03:08:13','2021-05-30 03:08:13','2021-05-31 03:08:13'),('f586a70dcdd43c1aff06cad6ace7def489085ec51e45bc87e0fbe20c8603507d80cec768743dbc90',4,9,NULL,X'5b5d',0,'2021-05-26 02:32:09','2021-05-26 02:32:09','2021-05-26 03:02:09'),('f6a297bd9b83249f7055f990d8e9c84f3cf0e42f459c9757ba6aa48999532269403fc4607a45523f',4,9,NULL,X'5b5d',0,'2021-05-25 23:07:54','2021-05-25 23:07:54','2021-05-25 23:37:54'),('f7611e3a4bae5a8e3687965b2244b5e736ddd5355187204a556e1602cfc75606f0998040f0edc7b0',4,9,NULL,X'5b5d',0,'2021-05-23 03:47:27','2021-05-23 03:47:27','2021-05-23 04:17:27'),('f80cfa2e966d6bedcc1304b47648bfb297e6c528cde845412b6fa7beca152bcfe43488dac111375d',4,9,NULL,X'5b5d',0,'2021-05-26 22:38:23','2021-05-26 22:38:23','2021-05-26 23:08:23'),('f82590459962d13694b66c06034720454ffdfa9ae336ae6bc2b9d62583833236a3a36a9187505a47',4,9,NULL,X'5b5d',0,'2021-05-23 04:01:39','2021-05-23 04:01:39','2021-05-23 04:31:39'),('f87bff842ad333f40e6d450ca679f78eb66dc6b1b313d16e1b84802a2d1b0d65254912a7cb62f38e',1,9,NULL,X'5b5d',0,'2021-05-28 15:38:37','2021-05-28 15:38:37','2021-05-28 16:08:37'),('faa430035d3ff4f645933e285b816d7f485294f4a9ca051a9c789f879ea5f534d1bf3e0e296a90c0',NULL,3,NULL,X'5b222a225d',0,'2021-05-12 02:16:02','2021-05-12 02:16:02','2021-05-27 02:16:02'),('fb3a9b2331049bbdc065a37d686451eb6bdf6999278ec0d929a0bfbcd465c422cf1cdd1ba14f3101',4,9,NULL,X'5b5d',1,'2021-05-24 17:01:43','2021-05-24 17:01:43','2021-05-24 17:31:43'),('fbbe9b911d40485e11e65f8372f256c571f3aeafe9cb7935367dcfe204abe5ca0a3c51207d502735',1,9,NULL,X'5b5d',0,'2021-05-28 15:04:25','2021-05-28 15:04:25','2021-05-28 15:34:25'),('fd50100fa8721aa6aba1e5f50f03ccca0721588be9f9231bc050f6df4d4597fb3a6ac951bf69b672',4,9,NULL,X'5b5d',1,'2021-05-23 12:15:12','2021-05-23 12:15:12','2021-05-23 12:45:12'),('fe91ba5abe9e74f0dd6b40cb6a87b3ccd072966f7e432d091987c4c73e00a34ef5eb2ecb7cc2c2ab',4,9,NULL,X'5b5d',0,'2021-05-22 00:06:37','2021-05-22 00:06:37','2021-05-22 00:36:37'),('fed1d26da1a283c48129d001d254599f10dcf4a219fd5eb2bad76478ca125fe3460c7ce7c74d0a4e',4,9,NULL,X'5b5d',0,'2021-05-23 03:38:46','2021-05-23 03:38:46','2021-05-23 04:08:46'),('ff32824f013baecc81daa73140354550d6c317fd2a0020937a82d1261360c298fec08b34ed19e364',1,9,NULL,X'5b5d',1,'2021-05-28 15:35:22','2021-05-28 15:35:22','2021-05-28 16:05:22'),('ff38621b2eafc77ae2a0c93c63f30bc44745983fd9225e61fd327f6f581f7f0a31013fd8a51f808a',1,9,NULL,X'5b5d',1,'2021-05-30 02:48:43','2021-05-30 02:48:43','2021-05-31 02:48:43'),('ff4cb296e868638246b8191bcee97f13c6bb181f2bf9ead5c826dadaf346a7da4facdf3ae8765d14',4,9,NULL,X'5b5d',0,'2021-05-22 00:06:58','2021-05-22 00:06:58','2021-05-22 00:36:58');


INSERT INTO oauth_clients(id,user_id,name,secret,provider,redirect,personal_access_client,password_client,revoked,created_at,updated_at) VALUES(1,NULL,'Laravel Personal Access Client','RADwuPIIC1Mnyt6QXVeOHW2t1ymnRkJXQeS3yQSy',NULL,X'687474703a2f2f6c6f63616c686f7374',1,0,0,'2021-05-10 23:13:30','2021-05-10 23:13:30'),(2,NULL,'Laravel Password Grant Client','JaH3H9qiKK6gaJpICx5WE9R2WNQjjGva2wETdG3A','users',X'687474703a2f2f6c6f63616c686f7374',0,1,0,'2021-05-10 23:13:30','2021-05-10 23:13:30'),(3,NULL,'Laravel Password Grant Client','DrCFdHAvuQeTKjaSna7xa3v9K0ZrbHo2ZAMMQivR','users',X'687474703a2f2f6c6f63616c686f7374',0,1,0,'2021-05-12 00:46:58','2021-05-12 00:46:58'),(4,NULL,'Laravel Password Grant Client','zAbrBkQSVOOqI120KhEutvGUjZLE6B7prXzZGcHa','users',X'687474703a2f2f6c6f63616c686f7374',0,1,0,'2021-05-12 00:54:02','2021-05-12 00:54:02'),(5,NULL,'Laravel Password Grant Client','tz71AfIuVyk0cXJGNSPfGYdU7j3QOhJtd7dHoofc','passport_admins',X'687474703a2f2f6c6f63616c686f7374',0,1,0,'2021-05-12 03:20:13','2021-05-12 03:20:13'),(6,1,'exit','1XLQakuu1dIjFZ8rMixBSpftryLuglP1sOJyxLh3',NULL,X'65786974',0,0,0,'2021-05-21 02:44:10','2021-05-21 02:44:10'),(7,NULL,'Laravel Personal Access Client','LNmEMg1AJwlOjwF32JXcb4seNlvnGesq4b5Pl8UE',NULL,X'687474703a2f2f6c6f63616c686f7374',1,0,0,'2021-05-21 02:53:40','2021-05-21 02:53:40'),(8,NULL,'Laravel Password Grant Client','XItaa84LgJhXiLA7JgLnexMDZovbhEx8HdeApQ1f','users',X'687474703a2f2f6c6f63616c686f7374',0,1,0,'2021-05-21 02:53:40','2021-05-21 02:53:40'),(9,NULL,'exit','868CDX8hBHutu5rZRMHHLg4YoL46vnlEwN1WQcRA','passport_users',X'687474703a2f2f6c6f63616c686f7374',0,1,0,'2021-05-21 02:56:08','2021-05-21 02:56:08');

INSERT INTO oauth_personal_access_clients(id,client_id,created_at,updated_at) VALUES(1,1,'2021-05-10 23:13:30','2021-05-10 23:13:30'),(2,7,'2021-05-21 02:53:40','2021-05-21 02:53:40');

INSERT INTO oauth_refresh_tokens(id,access_token_id,revoked,expires_at) VALUES('014e18258bd97f46e35a766bf10099cf662e7291fa1c62fd8ea29d9cfd39046439da75c75f8fcaf4','23337fc9be9fb6a0abfe64c3bfd6521b3501d2a689ed3eb776971d245b979dd0c50d3b2a6824b961',0,'2021-06-20 02:52:17'),('02d0c0587ef23f3c8bec411247d6ee801f864ce333722f461dfbd06c2bc63da41cc641aae2eb662a','9a3e17c36d15acf35ab150f443492ebf2849cdd5e83383862753ae9d53d1aa9886428b12b68e0de8',0,'2021-06-22 12:30:17'),('03f92d87811e62e1d325763a7c29a2787afd36b502b9b0bd5780e14104861252069fbfbab864283d','f586a70dcdd43c1aff06cad6ace7def489085ec51e45bc87e0fbe20c8603507d80cec768743dbc90',0,'2021-06-25 02:32:09'),('050de08f7cadd4cc67b9c8779a81204913db50b7e485a003de36771118dd768db63a4287f390f971','ddb642c4b529ea4bbfe0aaf4013e7c02c201b2d40f0642529fd580e86830b72d388c9b5d47854bef',0,'2021-06-22 03:21:32'),('0515f5c6690f037d8ab235b518bca1819059d6e91aa13cee8b803d7ef16848649269c4ad7bf1f411','44060d72981defac60da89ab45a8f575a67f79d05f09e8db7d88ea10512bb0d31732546529f690ed',0,'2021-06-29 02:51:09'),('05353fa8f6598f7be563f057393fe81b9293d406edaa3cbb7245156f65620f301ef0943839560e13','a56306b05dabf4cd4b25a8c23ba835db02530d36ef7c6c7b7ac33ce28584e0d0e6335b8dced386d6',0,'2021-06-26 10:53:46'),('0571ceb23408522ce19bb63c27a27228b4e7e27bb0ff2369a7a2d6d6ad1525d53839f3f9616b4e97','cc7b084fd3648074c1dadbb86ab42d81a2788bd677d28c2eb43d2dcb7f46a84c3734445a416a041f',0,'2021-06-28 13:02:42'),('0669dbcbb63645df817b9723a541f6b565ffab2588d9fbcc8007e9c4113c0a921781cad4df79c67b','4763d18c3bab5c1e8c556bec5ea5664be28bdc6103de8eb1b82b53b98e382d85dce6802b0e9e9221',0,'2021-06-28 02:29:54'),('074ba95248799d351c33f97747db1d0f8ff8f93344148fc0cbe4dd31a4231998d9b71b4b65bcb3dc','a5fba355dacadf1dc250340ef52484cfcc6ab1ed49b0adff5df20968bae0e1c54e436d3f5f51c94f',0,'2021-06-28 11:05:42'),('07d34b56e41d45b81afb51e7179802009fa211f8b4b7a3f2f226b99d4b4b31bb53a10ed35176cefa','906d7b524850618e25bd5ccbe935db5b7fb9344ffb2b27cbedc23786d28125fca7caa07fcfd348e9',0,'2021-06-22 02:04:15'),('07de7d3007f21b1d493a212e6eb4895f64757d7acab9848092f546c73516d970658b930fac71e43c','a4542ebb2e09cbc2d418ca20667210de3f62a5bf87c44601e3c32cd9ad26c721961672ac3c7c4624',0,'2021-06-22 12:16:01'),('090e0e902440239fa88dbac4b498137e3bd9d357a9b09dc6231ce25cb2c36a799ef0df96718a2520','59a65709b1555c2ec2620435aca18e5c20e69b58e8e7fd650c08f62f8e6e9127c88d8387f85f36d7',0,'2021-06-28 12:10:54'),('0a60fee945bb700eaeae461d2be7d45f60c97e67b431dd7630caa21ef9b156bbc7793f6b01a91e20','0dfb9342ce32ff97ee78747cf33a44b72fd943a9e7bbd5394aa215b441acc6076673031efcf75215',0,'2021-06-27 11:54:40'),('0ae6581d8f6daaacd62128d001ece6fcc3e9c9aad75cd36e07327f51b6ed840c2b1d5de66c2afd47','04fd8492ae84e399dc270fea75ecbacc2b1f03f8d21d5c123cd3f558c2307c0673dc208842380fb3',0,'2021-06-27 17:20:10'),('0b1f8fa4519330f2ccf85f619427f5c079daf79fdcdddc0f6a378870034e72fdc0d501431a9f45d7','505085665310b8a0676a8a9eab81d333ed0f992e3e056f945da8b4e61864d073d84847c5ec617969',0,'2021-06-22 12:14:38'),('0ca7bae03ba22ccfca260b8a49816acef3ae576a5a6d758b757c937c514b5864eef16f9390be01f6','16caa59a4d08d441f50b2943b7290b2a9d9a9f8b47cbf83395d65518abd31ae1a8f9fb6a48035110',0,'2021-06-22 03:16:29'),('0d5633b656e3f579af8c132f28b380484f7fefd1ed62e90ae3767e23fff49897ecbc1f23d524f838','18237b20ab70a56ebfb24955903ae4cae38fbfd77669d6fdac04174d462a06fd73fab32c2228a9e1',0,'2021-06-25 02:01:56'),('0de92030eedc88ac9b57c3f0066fefec464b89af809385dba7ce4fc4b368b39eb665545567668d08','02883a25233819f95efe0891d63a7266f185f9b4acc8ebcf874ace539e0ef71f1489bb2447d66b30',0,'2021-06-22 12:06:10'),('0ec300802aa5bd7bde61ee52b5aad22534535bd0a7a536897c9a470852bed9223c3553a93891f69e','1fb7b5a1e69e30969a06441a5ba5f36820f983ef0c4fd8231fec62e9bb933167c57b43fee8b4e968',0,'2021-06-22 03:08:15'),('0f2cf5eeed0b62eec9d97d07e39eaae308a7c92982dfbfffd1b7ba6f5de15fb36815acdff565e76c','ea02d03a5d4a5a20b7e7a3b6c2287371254c57f4ba5d8f0fdf9b4506335d99fba541fc1a9f0f8e50',0,'2021-07-04 01:32:04'),('0f48aac8b96a7823bef4dba755ff5648da3fcca4a05f64889973c410fb48db97875f487aeebda206','fb3a9b2331049bbdc065a37d686451eb6bdf6999278ec0d929a0bfbcd465c422cf1cdd1ba14f3101',0,'2021-06-23 17:01:43'),('0fcdd63cf250edff5608ed56e7005559a2fe64fbec46770e6e2e416216533be6187908b465553ecf','2b8f37ecee8f9a636dff8e996400faac321351115a8470459ee17602c1ec4b7a6658efe01643ab84',0,'2021-06-22 12:04:45'),('105a38f48ba9015706780d226c59becc382cbce06f5a34549f6e61340b2854dd516371c0963f40b3','b58a0ee2647bafefb285ee0703fb76a0d76a035a87a3e11ee8362e657f51dd56e5b91a5af3b3731b',0,'2021-06-29 02:46:06'),('109ef9e0ed8769f6a761a974117c3eca9e7713d73088d03474a2d5edb660258077dd14786ebd8892','f2ef6e2f497f6ffb6b1e53daacd7e306e4755c82c64c78bbe92075ad885ee9d855031f9db68d350f',0,'2021-06-20 23:48:48'),('10db32cc494f850d26f0e52f5a5c2d8199237bcf19c2b0c508376155aa0b4239ef46a8056e0418d9','5150070512b4778efc927fe916f7ef5fc37fca09679bf41a6e0b10c72df6dcadbe69ecea4ce48f5c',0,'2021-06-23 16:58:51'),('10dd804239fdae9b261e4d2a7f4c527abeb403d0eaf29c11afef5ce7e7bb404d673fe2aec0363ae2','81561b9bc3bb6a053c5b774439dd4d80be805e6a327cf31f3f9e8e59d11dcf25aa1b205fbe125739',0,'2021-06-22 12:13:02'),('11c8e0e6e689a2164b2d4bf412a07a8b04e20a2583888cba6e30c601fcf18be19adcf5c614e0f934','61189b628b74bfa0b2120f37c5b8e666e39e7427002a35db04166428427e923106707a4e6cbe7621',0,'2021-06-20 23:41:53'),('11f5076058ab6bf45ae4631ed99d5e6b9476a1f2cb65a6e913db1b70eeba23b5b83577e33072a41a','bc9bcdd9091b23181d17cbf9bbf1a71271ace8537d1c80842334ff96e0b5d67e0c9dc2b353fbde09',0,'2021-06-24 14:51:05'),('12570191889cb96382dc99cfc82beed5fa212ca54807371073975c8ed4076f735074906f61e3da3a','7c3393d4f99869538dbfcd82833c5e655176d5b4ae74db3a3bbe3473bcc7877255c921f6890a2ca7',0,'2021-06-22 12:36:22'),('130f1003aa782931c83eaf6be76b1f019f3fe3527142b57cdb0f01a8da3273e1d9ed73d51422342f','8b1f732f729b34f6991e83f1c8dc600042673f97d90fdfa23fea6c51d0e6d1f46d334123f58383df',0,'2021-06-21 00:25:30'),('14526ac6ea0d129234ba9873adfd522399cf6c353069503759621dade340235ec2b7b68bf4a88479','198ec53f635df6a4040fd4c1929bd624261b2b9b76f8abb2fc9302a2597e464005941a68e48ccc22',0,'2021-06-21 00:10:56'),('145c773dc6a7375ea34fd584b972fd9d96a3ef6d028391b02cba67f2defa17d350917684f18c7ce5','3ae9ec96805a295ff7180a62b6d979322d091f772a74d431a2aa54077ba1e37c2e277fe6bb8f811e',0,'2021-06-22 12:23:47'),('14723ee5f80a621ea9cc936330e68cb24ab6df9d3ff8ccece1570492382601b99117620f304e830b','20c9c4582aa18c13603748d5ecbb683429fbc64601a13973a174d6cf734331e5727bbdef56389989',0,'2021-06-22 12:15:07'),('178c1c5329090f984ae62707b2f4688ff043f6db5030ac78c8fc684b75cd88b20d30ead125d024a4','69817530683c35abca2a87f70fc2067957ea2dfae0141c64ea03dc2a57b0d56b3a2e77e1b1afa047',0,'2021-06-22 03:10:10'),('18a4e67de4303bcc29b2fb6ee9492c68e26f3c888b548b3e5f6d61472bde4bd962aaeb5be3e13fe4','41b7c0d37b094aec811340090a37039641fbb7a00cda9e47e2ea817a87c048efa2e6558d7f9d3685',0,'2021-06-22 02:28:33'),('1bc5630201e00965074fde03bf84e1405ed8b17fd55b4fbe1d8fd3db25eb1f23b61a24335ddf914f','2e9b43f2c5fcdbff2aee4ae605f681d6d8ba438539ac4047f5f9fd0f6b0b8c911b7e65e4db2e3551',0,'2021-06-27 01:10:56'),('1dd1e0a25c15966f427157b3966ff1b32cd90bcba0ac9a929ee53ad13f71b0f7ada11e082456ed04','dac0b6ded956dbe8cdbf1e539c6d17fd0f27b4a11e150a2cbee8a1b2dfc10cf926fa0f5ea0854a8d',0,'2021-06-22 03:13:01'),('1e247486e502a0eb698f1a2dc09052c8d75ec98a2958994c1760b923474423b3a73c3991cedd8725','3ce5910c3a6d277a70a2d31f3deadf3cb44ce7bc7480cfc13d907068275039e53c8e2c79dca2b6aa',0,'2021-06-27 15:11:30'),('1e4e18d872ea0aa3f1489eefb58bef8e8bd9e847ff27ed6822019bf61fc23fdcfb94917e9446abd5','52375f480ed25c3c134f022a6d65ddc341adaf7880f3b2578512f5fdc7ab4d5f24ee3849403e18cd',0,'2021-06-23 01:00:36'),('1f6c4296c3b5b22be055fa518c6f47ef6fe927b8fd7860071afcc72e8db96e2c6c789059adb07df3','7df6554f908b53154b21c77e7e215eda03d96f50680c701dab954a4eb185c9d0546ac8bea4b1e93e',0,'2021-06-20 02:52:25'),('1f792862d76bca88ee6118a8d5a854faab2482ce9235c0d66e03ac6d20bddbb10c8803f917f776a9','66faa23dd547ee5bdefced5a2c871e5e44aecfe80e1765d174ea8875873110fa677d918480aeb3ac',0,'2021-06-22 03:54:08'),('1fe1c709a7b464dcc9c1902b54d794263b209a1d2a754a6d804a2db3dcb97f7acfa903d5138b9b2c','5e62ea31cdde2cbebe7075bbbfec0973ce0be3e9046d93a02f795e1a671dc7853e33d68f73505a81',0,'2021-06-29 03:14:59'),('205265030f13a43d3626a7f9a7745299917881d8c3932323f95578e713b3e00d50dabc34e56fd7af','819c16af12febdd49fd72944f687ea09ff5adb1259e2622113b59c63b6e3cc8ad1408a288338c3b8',0,'2021-06-23 01:32:53'),('206230e56e38c6d04db10884ac63e3fbe148e6648500ed764da58f23645c27272a9654b4576cb391','b54dadcd6ca7a474783ddaf84fcdeee91b1381c1498ec545c8379969c7e1a61ce7632c55b7cd9357',0,'2021-06-22 03:21:57'),('20b53d32efe8a7afb5660b7169be2459ce5d37bf634952810efaddad3e893901efa5aaa9e31159ca','8cfd5122c9534eda6d5e7feaf83fa37f855191364df0710717be31a2b0aaec3650476e7d48cf87eb',0,'2021-06-21 12:48:12'),('23c299b11b4c444ae91cf9631609202b7deac768574c93430d32abdab91838f22610ff75c2a55767','a1a1d063cfe9b1318aaebb6b8384c62dba7f4ce4806569f80ff78613e3ef6dfdbf5cfe60f14b750d',0,'2021-06-20 23:53:27'),('24648b4bb0692729f87af68a62677d6727ce09b1a27059229369b40f69bc2bc9107c83223df4db7d','98a88a63918edfca9a9ecf6f60d9b0b485195f06646bb8c1c252aac4d51881defd7df9b91c29030e',0,'2021-06-23 16:59:20'),('24c01b0622d17aacd9c0aae5d2f6eec03d7d0574be23dee3164ff2c1b68c03c1fd5f5e0aadfb1f40','c237dfc478e3f335b1d8e504c99f03ec42a891a9f4cc09a6467b5baddf297ec0e4440793edb79b70',0,'2021-06-21 12:55:13'),('26747c3530794cb210c4d5d4a857dca41fdd9cc72da90cd56201a606b4464b6a35098391b22b6281','8dd1e2058ca4f3eb8f635442fb2d87f35f9fa07352a2197400b080d369d7698a5c23bd019f612dd0',0,'2021-06-21 00:33:40'),('2850641621e36dd6170b8fd7b143de3d8b0aa62e3077daa878b7520befd633933543d3ba7253a277','9079d786cb188e2b1aae2391bf5c610ace772f945f332be070e056449ae9ce74a52db1810b69a9c9',0,'2021-06-22 02:59:41'),('28632ac5037ae913ebe0fe9116686d1565c8886d80b15967951556e6c761e5d3046ec78462b0f669','0d34b18e4b0f24d2d09b5908d97fba0b88016eadacc2bdec7ad1153e9f5be0ca100881910f48e593',0,'2021-06-21 12:55:00'),('28786b096ccc272c6b08b92efbe6df2109fd513aa5d7eb6b9368bda71e99843d4ef33a858564b7ef','973262372cb55e30a9848a455c554e4311b72b27e335e70f5efb6fc6dbeba6429ea0c121c97e55d8',0,'2021-06-21 10:51:27'),('29579f51e944cbee55849110d40352e38a581f0f78871c1ef0813d5824b91b48c642909e921ba30c','9ec3bcd7fe9c790a1cf1fc31de8b7c8bb1f6191a3bdf96be04fa08a66454f31819d1e88cf2373b8a',0,'2021-06-21 00:30:53'),('29ae9ef1feef52758c1193a1a5c8332a8d38cc450b6591edc96ad29863c430dfa466697c05c4de71','ec6d20e6f557a2b64723ecc0d7e915a7c4fae6677096da8d015ab33f6edc883da17a842413a9dfe1',0,'2021-06-27 15:15:13'),('2be069f0700826a8b5562ebb7fab9bf8d1ea914c66fee25603c02749135eca5c3c13319b70364dae','3cfca5c292af7ceddce9af17182b3ba61087d36dc9d51d3288f16490693f0abc53a260e10bbcd696',0,'2021-06-22 01:14:26'),('2c1a9614e1d8462035e7c0a6dd579583e7d37bf7c63ab01bfcf3218a0fd3ec275cc98b140355c6f7','7db4b356aec482e9edb582dfa562033578bf411698ea14af804a83582888b8eeb63a58de2285331e',0,'2021-06-21 12:47:39'),('2dcf7d2f3d44a59bdf64b57da871e06c39e0c644b0458d95017cbc39f662f9555a77fb3a9e830788','8194fcf9c70c0dbdea31d2dfb87df7834a0de89ee0ae379051074813df569ee8b0327ad4918b19ce',0,'2021-06-22 03:09:04'),('2df2ffe7d7b7c5dfd167113ec5091952ae2ef53851a955521c3bc05835adcb675a4bd663b20a7749','500fe3a85f8b496ad07ebb15b224733389543143492752f86dba2a93f07b9522ecc7b5f97914cf49',0,'2021-06-22 11:49:27'),('2e11acaa2da8f9762c4255137a8882a52b6e0c3bb4fae4cfcfa83a666775e012a5ca14d83068d66e','744208542e490c86c62fedeb55598d6c4e826aed95cae4621c0fa35de7457d02521f80e785ab8fc6',0,'2021-06-22 02:30:18'),('2eb8122a5768ff5400108e510f3d5a798617204fd86c2de95b15737d186c069532493e165cfa7806','b459a98d0403f1fd7800c7fce960bee914966c5696bca8957c2a3c54246fb53a03adc9f73b0462df',0,'2021-06-22 12:23:37'),('3148931a94a08c2c4ec2c6fc72de2fc9dbb346f38315cd50f7f62c827bba548598c2a38fae90bf04','8d6be1e6812ce70705154d552777dd038e40a9370e5fab8a21683a26daa59437249669ffc5130d32',0,'2021-06-21 00:09:43'),('33bdbe58a98263712881d1c2cb366f38c5bff9037636da5fc5fba4f36c62c93bc497c01ee6b9ab34','4c3050a0e17ba760b255a7e99623f3d5f1313f25270416fbc0c183aed1e1966b353af2ad0661ec84',0,'2021-06-22 12:32:12'),('34ef296c47b01213df4bced5cf2c81ab4070cd2e23b05e303ce3652ce6e0dc67ce29fb6eb031af1e','fd50100fa8721aa6aba1e5f50f03ccca0721588be9f9231bc050f6df4d4597fb3a6ac951bf69b672',0,'2021-06-22 12:15:12'),('3b16af97b62172b658fc84e743143ce748a2a149d56065c13f9f7dfee65d91b2d50d4ef81b546ecf','2f79d515a91ba4e73fd7f19bf801df351b1970a0a8c43f41f1c6023a9c5ad642174b7819228390cb',0,'2021-06-22 03:56:52'),('3bfcfa01118ba94f649565d281a2e3cc02819b26e49a5ef96540bff4ccdcaf165c09406b4c52961e','8cece4d248ce5a1543f2f90336a831f8a47bad323c737a64d73f0b2dd59b9a8791a84a2a2f5328ab',0,'2021-07-09 09:56:17'),('3ec319bf7717e7f29b2c3f12462c3de4ed2436bc15bf40c73ec1de540e3d593d6c1dbd8f8d254ebe','bb0932b0c2604d06a5d89b9e0c70c7e25311e9fae924e45399702175d2405a9aa31dbe47fe00d585',0,'2021-06-23 00:54:27'),('3f8032b51c9623f8146712341826ff80c0743b784d41d9ec1f708455ea16a71918e3fdc443849f43','9267ca7b2fc8c38b3186b43a0ead40179a0dd5b7932d2a626712186f214e027d443f01977fc7e3aa',0,'2021-06-22 03:55:51'),('4138dededd59e3dfa50c2804525f7d9b13f5e45b959721f1c44ee9d98516274e96b139b103050e74','9b0abfd1974c47fe77e8273e70103d5884a89a5646e6a466fcd5f28eefae0780323cc12e8c8b4a8f',0,'2021-06-22 02:20:22'),('41f9b3b94678cd28a8554568c4fb92ba6b610d501e6fa5ff0cca0b3ead850eef8dd87e8a00ff63a7','e3efb6620ab81472d3cb2fbbd429b59e6d4de685f7a70227075108bdcc135bba350100e9c1f50aba',0,'2021-06-22 03:49:27'),('426800950aba7beaeab1f64e151faccd76c33f85b62eb22e92b0f494eed5dac061fc04734622582b','a333b6ddd5472d00fe8dcd8d18edc5215b51f91d63aeddc2ba9fb3fe7ab25d81be77df6bf76c11b7',0,'2021-06-27 15:44:04'),('427ab11507459b220fe5016abc7a789ba8ab4ec80929722aba96d92fe869d1e80c4da4630166bc37','ff32824f013baecc81daa73140354550d6c317fd2a0020937a82d1261360c298fec08b34ed19e364',0,'2021-06-27 15:35:22'),('4346ddfb57efa3d7a9c5ea933d550281ac937bd606514f6a251c874ae1997caf0fa9940a31ae8c8a','4fc06662ff0eebb5b8b7a5d93db4bb1686d2893d16c5b85ef68d713adbab7d652d73799b43663d86',0,'2021-06-22 12:13:28'),('438a83bbb6c4f9692baeaf6ad167dc8a465c5b44fcc6ce395469fe7f85618d88449156dd23b30d9f','e4a86fd7b867e4583e48e9ef8b2756cd4a6969fa39dad75934e48fc46f7b867bbd267c03dbd8b1c2',0,'2021-06-28 03:00:58'),('439e1140e7440287da9522f792dfd3a1e8a8ad0c5deac83b4c677e282dcc1b36d65b99ffd4231d6a','b9fd78a04561fa6a68eeaec403834e4361e89d9d6849cc960a98c42f5de416fcbbf8ba0c7fe22102',0,'2021-06-11 16:45:22'),('4533aa01ac3aa45525059c86a23f4eb34308c2d66999263b6209fd116ee7082ce209d81c3e2c2a73','45000d85ab25be3cb51cb6c8f0cf1317a6a7ae25989d0ae9f1ab4b540f312cdbe42f4627b30b9f40',0,'2021-06-22 03:13:56'),('45ee77de29fe3d836a22aa353ed4a65a3fb5c4c6173639b87b35a9bb96c05236f19d1e5fb9f0c51f','ff38621b2eafc77ae2a0c93c63f30bc44745983fd9225e61fd327f6f581f7f0a31013fd8a51f808a',0,'2021-06-29 02:48:43'),('45fddcb663dafce43b1794ce60d6d950c3ada88793749b2240ec5a3853a7bb2c20bb27101c1cb1b5','50b868e571649ad185bfa383128f1b199af8c9ee7c022d3e434beec90794e4bac882c535abee00bf',0,'2021-06-24 23:38:23'),('46056946f21caeea0822ec02236b8b0c34db1d5e8a0125a2b8302eb84481d117e1243bd268583292','d3891df621eeaa6b81bb9044ff916632ac27710ddf9576ff0b2f44e6a6490c18a1b4051909c6293d',0,'2021-06-23 12:08:14'),('46b3da4ed11d0498675095c9feb4162d216ed62d9e33fd7155b2610a650d5d37c67f9c9363a6dfeb','26f7368945a63fac3b87ac97844e5d99eb7fd2b663b8536c333a2937cec079342b1effd7c8d8f2d6',0,'2021-06-21 12:48:35'),('4817f5bc17d73f7687e44bf88c284b743c2969daa438b4c12a00b72ec840304abc00858d2586c594','5918eedccb01b5c0d5483a5955e4e4aea274d8c04a33bfcf77f332815aad69bfe95e376b5a7cb7d7',0,'2021-06-22 01:15:42'),('48b0e0e7e7800beee4c3aade3b6d003f244d5b6ba058d1f912f04bd50c69795c318b97e99501761c','b6f77dd823749907cfc1b85897ade96197ccd111ec1ffe1b166d22d303a7244efc76091d651dee0e',0,'2021-07-09 10:05:48'),('4a1a75146e3d9fecc6c3cd538d9558b3a9a5a0910288bca580ae4bc0720cbe49fae5a6c943a1f4ae','2bceb19267b8cf203a4bb045edb90e61198d77bb4d19d016459392dd587ba8c6adfd7386f3f4d365',0,'2021-06-22 12:09:33'),('4d2b3d3c2c524cb49f9c4bd6a1356ed553e2d3f400636e3f6e75885965bcc669b82e870f5a47bc0c','172c178f07be8933af21a62967f16ede8158f15f752785190152e2a5b92dbdd28674c55e67f8bbea',0,'2021-06-25 00:08:38'),('4ea0dea97c1ceac5a4ab1385ce7dbbad9086411f3665a8807023fa9d0f58d871cc0b9d8e1f626763','2fcecf70b6b151be4e0f8a34d3a11af3d40378a71930c47658fcbc288d4dca3f9b582df2fe3a6ed9',0,'2021-06-21 00:30:38'),('4efaaafbd588d0b4bba8f501941f3ceb817982e6a6079b16c01ec9e1ad6666be351e132aab449a50','df366bbb975956999d65a865fb3d9dbdab0957c2768613da7267bb4a2dc2d676d745e356977c4235',0,'2021-06-22 12:23:18'),('4f33a6485cdf75d303dbcb210d7fcc2d599955a012af3981ee07b0171da4ac64437a2b0dcc2d0f88','42e8ebf554f7a8ee461692118851b4127100c385bf33ff08367760efbc7a3b848ecf4eeb8d9a3848',0,'2021-06-20 03:08:08'),('4f341bcf83a1af45a4d5118f6515e7305db4101d05f07aa532ba1594f3dba9a2d41c452201c1adcd','7388ff9c14b55a36ed6378d3fedce1344f216c41c866afbb47d0ea6bbef2d3ac189d517296ef4cff',0,'2021-06-25 01:28:47'),('4f7f313b29ea347d657e386bfae656922342a008193ac72dd2f40da2eebbced99e341fba6021436e','bc6446e5fa467093f76dec76e5bae14340395bfb7770cb0c672e0298a01ff7402b0ce6bbf4ab4a90',0,'2021-06-28 11:40:38'),('4f86bfbc49867eb4757dd044f7552b2db337a2bd3989e721f96699008cf030146ad70ce10ae982bc','5216378d3e50d879c7528a1994a1becef072bbf4870161160fc6d1c050ecab2bcfd795a1d4e7d165',0,'2021-06-11 16:45:55'),('5106c80940fb2f8cad8f5455da242117cfb00be5e8c0ec7d7ead3f8b8d168e9ae79fbbb7eb0aff1c','9d97659fafde24285bae3ced53f095330da05957be5284682827c5dab4e69d5f12a9d820814ad9b0',0,'2021-07-08 15:59:54'),('511dd2738c8ca4b5caa90824490f7cc9b51902869da895a064e1c1f52f1857528aa1ebe70bf83d77','b05839cb1a4ea95aa3ff889320502306db5cdcede50b9e172d458f308804d08c2bb5b1ca54b8397a',0,'2021-06-27 15:31:55'),('514db5ddf88554cca304ab5aff3dc29a990faef085f4f0e8a8658d18465d3a3c5d7e82e2d7d6d53a','71a9bdac72013562290e9331a17e6405683d6971eda694a4b4afcc12f970d6f9d38f686077da339e',0,'2021-06-23 02:35:49'),('51bfff28f42a87e80e651161c7561f0672675b33964dd592e684d755655f73f4cd072dbe9d10a580','b9c0673dc82d15c2199fb615df2ede1bc9ad3837943018cf724a9cee951bd235eade438142c8f1b5',0,'2021-06-23 17:45:38'),('52fa1bb0f9141436895ed0069ad3f4f895ae709efcc09e37e8b4802067aa7bccd9432fa0543ec2cf','15a4c421ab216e2c8b524fc8fedd6252ba23602f0059cffcf9e3b1dd582bf27db6b1645480d0efdb',0,'2021-06-21 22:24:08'),('53384f4e70723cdc5594ad51a1bbda0b1b8e9dccae7a2dc62c368cb56471c87be826c563eaab8291','0edcce19cb3726bcb968945732f8ac7c1777a04b1111b82a6537f40f40b3696494950183f6b23f5b',0,'2021-06-23 11:50:28'),('536e305e17b3ac977703cb4c3aa3f2e052814eb42d110a37595ede6a15b7ae5f90652d07ebb52387','a68acef28e0ddcd16e82ab17682d74636a921d06ffcbe6e3b943e371a9765020c64165f6888ec3f9',0,'2021-06-22 03:35:30'),('54562fa75fc4d2123c804621d6918e0d74502960004399eea8c7fcb559d936c8efbebe26f9651174','a04dce4fb6ca505c724fe26980a51d57c2af3aa0f3c46f9152f465a315fd0fb80099dd66592ed37d',0,'2021-06-28 23:21:58'),('5587aea163ab058a9ef5fa55d5f0b5a0e61c329dad3c849746590aee7fef6b905d8f2654c63fd449','8068fcb740bbcc9d94b30f708528a58db03462120c2de3cfe7a5124684a9c0a0029a8f394f7a07f8',0,'2021-06-21 00:34:20'),('593d7a740535eb3f5353a97c2e086a2c917d8010f0bbee66410ce7c76311be6354cb74d330698ceb','4049b0730ee775b0ccb60a57ad2428cc057ec133ea86587e58831494ce0a3a8b9e8552c754b62154',0,'2021-07-09 10:13:20'),('59451dfb5c95357d02d2886c01fb7ea19e535694c2df7dad37b3bea259495db11bec86e34be7658a','59da4378b51021ac3672d420fd370799b4009cb1f8fd939f1e7fd338c34852e8be573ee49a2b3f09',0,'2021-06-21 00:15:23'),('5b285e72060373a2c9fba0b9a3c3a3ac731ea4bb32a9e6f09e238c9fab2916b574f1fd01cdaeb01f','75d80b929aa51f0bcb5d3ba76b486be09cb6b9eb61ed23b07e683fd620020328a6999c1386990c9f',0,'2021-06-27 15:35:45'),('5b634289fa7da08223563c531c6787de702df910ef5264e3105a62d60a1392776e9c5750008f4d1e','74d47c77014b4c1c1ac817d32aad65afec3d49683b86210185791be42e2e46c579db09508c79a953',0,'2021-06-29 02:52:06'),('5bbb5f50d7dbb30113d3e7da367e2cf5597d52648d922c59f1d16733ff7844b2554e30474a07c1d6','bfce55aaf68f66bfb96585d1f9b441852763c2c9576f9ca39f904c6c1fa2c0f5e4b0233dc08dc5c9',0,'2021-06-23 04:02:17'),('5df9116e6c9a32b376560c1608a064d46ddba47f1111f6dbe81f9b05317620883ecc4518121aa037','ab4926071942272ec3e073331aecef7273737ce53fdf9906715fcca15cad8c700213fa006092be40',0,'2021-07-04 23:24:40'),('5e021e13a8816cd86f60727196b6b0178ae102cde2e9cc64a034db4988ac00ea44e0b682576b51e4','7af6582deb7109ef87c0efa064d3b15e98039c7f5555942a4b737e467941d7f7330a96234130e801',0,'2021-06-21 12:59:00'),('5ea1908b2b9088d87b89a70b9819faeddbbb0186adf8eda8d3efba6f032718fa8c0c036f3dd84a67','0e99c4481e62f8c738a8f9fac66d5e13a681e3e424d86e96baa1f1d8463184b5e998c64fceea43d5',0,'2021-06-29 03:00:44'),('5f84d60393363956cb7ed5092f54461b241b0d0ad8dc433c23f4c367ad4f95a599e7735ec37b73de','ff4cb296e868638246b8191bcee97f13c6bb181f2bf9ead5c826dadaf346a7da4facdf3ae8765d14',0,'2021-06-21 00:06:58'),('5fc7937d60be8869f0e1acae5f4cd4ee86bbbb3f32a1a0f1e5b4e44a7e3f4abe8e264e73cb667592','68a710efc22bd5c0920c380e1c392f5784846df40f5b791c5d472b5dd833d42767bf9e81b09ccc22',0,'2021-06-23 17:57:54'),('6187120f0d4c6155e510bb2a134277bd64edcfd90d22b22c0c1b32ad31042983b08e05d96e5a6b5a','f7611e3a4bae5a8e3687965b2244b5e736ddd5355187204a556e1602cfc75606f0998040f0edc7b0',0,'2021-06-22 03:47:27'),('61c1249cfaed2feca8b1b983852a6ac36c33a43c61b88cbdd37c89a46a2aaa682a04499687753ac8','eb360eef7463a398c62fd347afcecaa4326dbd72baac60977188352943eee5eb4e85ae15e5bc4d27',0,'2021-06-22 02:30:57'),('6336057bf1181e43d951b3211eb5d9853cf2a543ce9f16f183e3499dff8fd230d9ad3d6e32889384','17ef72c04fa6c4259fa71d2de626553bad67f19bde28ff04c922bc4570fcb3745d5f9fc14910e20f',0,'2021-06-23 16:57:26'),('63711e25a8bd468e8211611350a763c42c6a62e85903d5444b6960558d232ed7bf136c391fe5a717','2036639dccf6ee02ce97a9aaafeae21b3a1ff17e8eee72a85a1fbb95eedb43d865adbcbe4c33ef51',0,'2021-06-23 11:09:59'),('64e471a6571b096586aa670d82808f1ee9f67f9c5ef39bfa6fb406713c30faa3d65b441b88cbed89','c034a7f1f8e778d52a2ee1fec22df029b44d3b5f997ada3fcc4ff8c3c0087f4dbef4720ee05a4aa5',0,'2021-06-22 12:14:09'),('6917e507bd68ba60cec857233ad32e566f75fee007582907693b343247db469772335211e9dd0abc','102f7f926839da72b73b779d0e068d90676406473fa3a7b0e39abff1e387006428ad782cc1a9252b',0,'2021-07-03 12:13:10'),('69f1d7ed679b07b588e716c0aa8a279970c6c77cb300395e3e9c1bde083fb90de94dc0adfc5bf043','7deb7121cb33ae69557bb569f112ea2b891c858245eb4de6445bd8565ad6f0548f33953dc8302b66',0,'2021-06-23 02:47:34'),('6ba12c7014ed27a6417d8c12851549a0bcfe48441d7ec881bd48a562c85a35211821e431aab1c87f','6bb874a8a77203082d5a9acb0718b180053eeeef638be0ae30a0e3f442081c70e165b5861d63e8f0',0,'2021-06-22 01:37:03'),('6bd2729d8510b06dbe2c209837f10d1045793b06d299b795a7fe3c276dd7d7184fc690e3f8ba851a','962f091429dd9d24fcfe72270d0d93f67a6971f86e6073df26141bc16c5b029b287678d6d9b89463',0,'2021-06-28 10:34:47'),('6d028313f9e97705c2949c65127dbbb7a702519fbc8c717c9fb68e3c06461c2f20eeea87a12248b9','cca7a01d568f04958f08eec7ed07d66b549f698bfc423c313a01936f29a17c48476dacbd580d3ba8',0,'2021-06-22 12:15:03'),('6d0f0b2143cd97473a1175df6d01fa681e7be88f99721b4b9869aee1da1f0381753a2d94431410c4','d5593a4343aefb881305744f2b7c4d5aee2eb0b44ec4f911f707183982d1d569db2520524b0b3c9e',0,'2021-06-22 04:03:55'),('6da66d76aab5bcbc0103928913ffb911796affa608e93f098a8ace5276fd47244f4bb26ba2b2c8eb','19b1c84d1fb6b4534076f1c921bb5c507c884cfa09d39000f9da84cc82f44cc4c94581134ef6d63a',0,'2021-06-26 23:47:37'),('6e0b7e7ad817bce059df106ad9a0ce7a0b41695f9def98ce5c59d9c50ee569e1ed5b137ced28b654','451ea5443def4d505c7d1eee30ab281559d985ecf4c7723605928597b7d84173405ce6ec0bed8b64',0,'2021-06-22 12:05:23'),('6e2484589c655541e6265e7fc31024cde775fc1e4564a9c616f23aa899fec1ee1b0c927601377a5b','4cea71e30aa7c9b4ec3cf56215532527266951240ca1c4b061107ea9a0519a3209b2fc30d751b87b',0,'2021-06-22 11:56:19'),('6e3cd8120815cbf2af45458879501ab3fb4128bf9ce8f7e7bba2c8f6873ad2974729e73d128d27a0','7b2ad2687df7a8f5fc6375cdf50ad7250c61c74b1d592e0481345ffd47a7ebd81a16315aa843ca95',0,'2021-06-23 01:01:36'),('6f98f624f439348ec5288df61983f9d0232a86f658cffca7602d7aca9cd5d2102afa8af962cfb46c','fbbe9b911d40485e11e65f8372f256c571f3aeafe9cb7935367dcfe204abe5ca0a3c51207d502735',0,'2021-06-27 15:04:25'),('6fac4227d26c0a8c274607f75029bfc291b4a6126805ae1a1191015403a1643540d605387e26f1c8','95f9f78a7ea96be15d96753b342f459968063a867e95560e9938e968e19715c01090db7d3d4aacf2',0,'2021-06-22 03:02:49'),('70507a8383211eb72a709f3b3fb574f1583f7e967a9cdc08401d306ef6ab4ed0f60150c578d6a6dd','08b7c58532a936f219a6fef25944df18d9bf157ba87464df61a20496d2fd2982247f9185d4acebff',0,'2021-06-28 12:41:43'),('7075055afaf30f09f48736f91ffacd364ac4c72c4123f9238868995f4a486af06a6803c0bea58a94','ca5cf22c25c875baeb35e7acbc9169494c5dc0122363354c3ccf533c210145cf3a23c789e4631fb2',0,'2021-06-23 23:31:41'),('72b1fa011d680ec172b5193e6f22283a63be71051b57526da3cb8f71cc90143cca6662fdb84fab36','0357cc5a282bf8b0394878ef4db6c1f937bd1e94f9c12708dc5f76c24e483a9030ea9cdc4864a65c',0,'2021-06-22 03:41:18'),('72d2664319657ddc533e3188e1565ad783700fdbb235a7f2477a2d6c8b03ca74a49d163bbc6d2cf4','7759142d85c844d3c8b0f48661c2063af5da4b40c649928208845ed7664fb82db36606c76185f5b8',0,'2021-06-23 17:06:13'),('73eb69ea5bdf1b9085a00b7485b0de5248e2f15887f8c92620ae4b86b33f72d1d3e3fac8abc805ec','01db7efa1010a3b1e0529311309aae4f92b451da935ad9dc5b84692975280e3723af6b44423dab84',0,'2021-06-25 00:57:38'),('740c4e22f4780a12d58cfc6e43d15f490eba9b87f6322c6aa93e3494b9d31d0643d7bd87bb6426fd','e01e0c8c54f4eb669e34a371b846787966060b0cbfdaf859407618192b4d54eb17f26aca80f98875',0,'2021-06-21 13:00:08'),('745aee8321c01915dde167415ac25e8c82b37d3ba9bc184234aa51e9742c1bfd5976d6a4a5d1a15b','5db5f4f9b170f07ae69af91dc2a0414e8bb3525cee4e9a520cc37b260b1c2d65d733497b2799e78c',0,'2021-06-20 02:52:14'),('7506b29069d2d4938126b2fd2d12a4103e1ec260319c2b910deb2b0972bc4c602dee0af070f69c86','9d6e3865b2b2de277ab9faeabe139eb0f4cde16fdf07c643558fa4b4ab5e422285a6f6f9d133e015',0,'2021-06-22 01:17:47'),('75b6e83599075a045f46e0f26ff58c2d564f3bccd9272b1f82ce676a77c780b3210fb4d88766cb25','010dfd798187a402ff957c9649232ed6c15da24cbac5469d334e51c34c0ac6afc4f30ce2330f111a',0,'2021-06-22 04:06:22'),('779fa22fca37f9c343bf0cabd5347a39bb14fb26383ceaad63efa05185d379da0bfa771e6e2d822c','a530f923a335e0c53cbabbf31b7418a8879106b380e7a63c2b9dc0b378af1606f23d505cb23da485',0,'2021-06-22 01:40:28'),('79a15ac0ac2ff0aad44fd5696c58dc605c84d6bec23b59c24b712f78ca4ba4552362c7b76f2cd8e4','2ec025ee84a27e4516c57280e7e6b28b2d13592e64a038ffc5664bb6ce4034e826c29ca8bcc61e93',0,'2021-06-22 12:32:18'),('7a27c467e61eb1347aeb56b16544be7e528c7d197e248c1f41fa34506a929b6dadc3213d5c519f5e','aae6359b540cda2a8a23d36106a7366411c316868f6f0e847f87c028f75ef8783d59350d52854005',0,'2021-06-27 15:46:26'),('7a76677104e459e641b1f5fc90fc4328a9183b2d8f2cf2f1cee406ef50b222038ecbf141d97a6953','89035e231e9909c61494902d1c30b39291bf82ed1c438c3cb5088fa18c307b8ffbd0ca6e7bbdd561',0,'2021-06-22 12:38:08'),('7bd057588f0b435f918ecda406b0bd6c1d7808333ed4f0b349a73a1130615b8d152d7febaf464c94','a60f9b558d8b4336200740dc18c972ee29376ca937badfbeb2b79efc5df1ff52778083a61db7dbcd',0,'2021-06-28 02:23:44'),('7ed4f9884bcbbfb974f1ce40b642d4aa68ff8c24c14a5ea82b716f6ac3285d3f289e7e75e9553312','49eb199c49be0f3d07dd9bb3cb5c362c0aa6d78204d0a45f2b36d5a3e69f40f09f3269468fd8241e',0,'2021-07-09 09:27:46'),('7f8b119780dddaf554b036b989d24b78b46db177e10d0a72b629f2e54227bccf24458f717a9e6f3a','49d8344e238e100e83c4bcda4521657676caa71a65394c4afa56368a983452a359c13d012b497b3d',0,'2021-06-22 03:20:15'),('800cfbabd13515e0fdf1650b478cd68cb5d517ef3649103a4d51bea4ed1311f03926ab4b0e269bd1','ead33efcdfd0c505173c19426405e193362ef193c4219084654664c570015ae7faeda614052dda2d',0,'2021-06-27 14:45:58'),('80837faa6c7dd91f146eddd1f1b0529bff23f324adfa02189c442d508e0d009cc23ffb7cf0127bc1','0a463ba70e28d129038bb01da474628c878a8251035722a734a18130011e927601c4fdc906453f07',0,'2021-06-22 01:14:46'),('81759df8cfc0b0ca0fe6a0b3a2e33c80a811bac1827c164bfd391ffd1eb817f7a9ca24bb01e77d8d','0c9d4a4fb964c872a3a0eb81a5d28314410b3e3d4d802b81bb7c9679b02044e16bff30136383ae64',0,'2021-06-22 12:16:27'),('81f341715dcdf48182006fb946f535760a415b51e97d34d1526b5c7309cc851a454f1048730e73b1','6bdde1b593aa46bcb7d6626663632db3078cb2e723dc602d85fe65cb4e737b50a57cfab81b44f7d9',0,'2021-06-21 00:08:03'),('8295ee6fd2718acadb92c939f4c591a15094a2a006342465ad2f443c672bf07180fedfdb1ecc6be5','744cd22e23ef604710c3f9daf2416690b42e6cffe8bf79400b1ae05d914171a55b708874289985fc',0,'2021-06-23 00:03:39'),('82dc13c836baf9611a00a6d03bdecc76a5159847c57bda6467593cd7aafc1878951d79e8736db3a3','2cab745055f5fe9877cf62b4af5c25a09d47f30c3458063bc2b4ee9ee75b5be0b0040ff68e9c073f',0,'2021-06-21 00:09:11'),('830fea7da46d06bab8046f59ffc7f2157ca8faca1a0cda1726c2cbf9178bb7e6b818d6a184594b64','60184cccb96643727b72b5d7ac724f5da5a10e19b66ecb215c93d7a759dc4ebaefcec55fde0cf60a',0,'2021-06-21 12:48:48'),('843a2a7f2c51dcc6422777388ae5c0bfa7b433192795d06ce8afcd118227d74f1ac30b9f2d6d53ca','f80cfa2e966d6bedcc1304b47648bfb297e6c528cde845412b6fa7beca152bcfe43488dac111375d',0,'2021-06-25 22:38:23'),('85886b44b283bcde0046c288bdec11cd17c0e0d83b0f056a94c9d087b97a47f1c7a638c262935bd9','dde83b4fcc7551ee1e2a2a0586cac7bf1e6c1ad85f6f5b5529643a0e89bf73c556e738fb90c121c6',0,'2021-06-20 02:59:46'),('859e8dfca6f0c8e095bac97490276cabdf6160c1b5eaba83c87eaf735c435dd2ad23a994de4a1ce9','11ca353cefa02b1bce56e01a31d480229ee909c68df4a1e00d12406a902a6e1239971a4624611576',0,'2021-06-23 23:53:36'),('86d2ed114bc4330a97efccc9c75db179c87ff8d890d3b559ec2226096606684c3b1474d3958bba56','74a3d5419e5aceeef0ad5b37db5c8350b1a66a2a2045b3390a74a4656c35b1a788b3fe02dcde3bb6',0,'2021-06-27 15:00:00'),('8987c51ba97c1cb718ed4d1676585a2e240efd12db56bc5670e0289f4d3596c343976beaefae00c4','d776b689b4f8fe64d2ee508ee76c32b5cc48f2a1d16848284b0c2998f6de6c730d0f9095fe80c812',0,'2021-06-27 15:05:37'),('8987d982f28cc0c12a1b7c3b6649d4adb8efae662050d8fa5ee85b188ccce2aba4f128eae3708785','e20809c80cf0bed28415171098a51486615dd995dbd1a53df44f85af834c22929386ea1d17085efd',0,'2021-06-22 12:27:57'),('8a12c4aa6ad8608568543252344ffbbb325df300770bd92ab03fb272a5fb7029b0ffaf4748cc24c5','2fd8c355560cbb59da68bf74af7659249b3fb9fb643975487d45c90a1cfb4ae5b9463bb85d74ad57',0,'2021-06-22 12:13:57'),('8a508a7b86fbcab496bc47ed898bc8fe57f3931d441c085ad4bd04454b2484b3eb193e84467c81aa','63a8ae4f8f15075c381437191cb97955e1c489789993293f35735b844287d40923a23b14809f662a',0,'2021-06-22 03:04:55'),('8b1b9998164c9c4df7f25591da83b10a2f68761f134ff3fd0d8e7fed8c7952bb106099d6beb93ade','b544344fd140e4f19dbb3ac4bcc43802dbba755b33961908dc7791df7abbc5de92d811ab8a96cd73',0,'2021-06-21 00:32:10'),('8bca03da310fdf0b20af2ff9e2d048a4f60bc223625005d7561f485e04ea9466d35e841c8ab4f75a','f82590459962d13694b66c06034720454ffdfa9ae336ae6bc2b9d62583833236a3a36a9187505a47',0,'2021-06-22 04:01:39'),('8bccebe2fcb73c4b33fa444356d7944b38052ffbf3df990edc74771f385b77772ca6ffd7ba7c83fe','9afde263a6e39e5068ba8bee84b8206297398e60cbba57cb019769f0466b6659eec33c73e6eff38b',0,'2021-06-27 12:25:03'),('8cfc33b3d6464c381ce8bf1252ff8e4add12fbeaaf275cf67bf4ec36b16d706c4f5709b3b6cdb855','1bc5dc7b6f66306cf95a222c4866ae9900e3fa575116422c8695b3f5c7bfe49e5c2c342f16c94cf9',0,'2021-06-22 04:05:52'),('8dfeab3f7302d6e2aac534aaf16609a46cb2dce20cba236fdacc098a22f2b5c064ea4ba82dc1b961','0fd1de5dd5e74f25e7c3442f2ed7f63cb7fb9f92146d014a9ad0596ed5b26bad2f4a497b5a110742',0,'2021-06-29 02:54:05'),('8e7e841ac4799be9926d022436d7e61d6f1c4ef8f1983e7c254f74b3a9b77f9aac1becbed7afdd52','27d2e4d52f414dd51fa640b672b0f312cfb8ce221fcf1b129d9ffab5a94aeced64a4002545d85612',0,'2021-06-27 15:45:09'),('8e99402489ce53b356e86fe724d7ae2f1a1cf751264c7c35ad51098b3abfd03a7bf5a63723688d37','0e97f375eb730e41bde5d19353ebbbbe8dacbd7b07bce85c608891d940e84b242389378fd97fdc72',0,'2021-06-21 00:20:46'),('8f03f37aca0c3ec25a47d42a0ee6775e5be98c83335dcd960a2130cd69de8f934666007e105b81d3','bd4ae7808bed452d70466f927e8a443766ed99d72f5d65b706988eb1e6d949fb76b84ffc1ee942a3',0,'2021-06-27 14:50:24'),('9052019c57ffb83a654d0cf0a09c26ab00232de1fc8476c2a5a90f7edc54276e84e2ed0ae61d9d9e','98882b5666a6f988858967fb49b94b133945c5d4f20d5c426308b85f80c93f9d6e0e4749f42dbd20',0,'2021-06-22 01:47:18'),('933f2f9e953ac37d9acc6836296d66706cb1d55eccd6e987c2de480c2e2844531c6b83ff07f59683','d04d598e88b5977f5c4ee9d57af2f34015a173238c6b9babd9f352db7fea54093eaee046b4b76674',0,'2021-06-23 23:35:22'),('93456087293445a33081bc9b85bd71469e55a6f93334c13b7eabec71fe8c9c2e0678d3f6999dd863','75c4841fc47c969b3157c5d4b1ad4ce1c88f9d5f763ff090736b57bb0f2f70c242ac70ff96504ba8',0,'2021-06-28 13:14:01'),('935cb41bfbcd4285aed975aebacdca9722d89e0bb5f3ac38aefcbb9b363899d65d238f2bca5b451d','d85030fac3bc5809fa9918558a0a835fc4c495402e17422654d385ffa0a9b225f5e41bd96368935b',0,'2021-06-22 02:30:02'),('945abe10727806e978343691969f1cbe1184342f610b344681b9fe619e4069fbcdfbdae8e07aa82d','0f416ef1ded9051135d0f73d95eb421904348f684890d439e4333216f7a2eeba08702bbf5674725d',0,'2021-06-22 12:09:48'),('952757ef6f1065e23bd25a6712254117a77edeb984f7d9614666437f51b358090398fb0b00714710','d8701c436b190845c286c561d8c0b62c53f92cf804441048b961151fb5ac98b6b279fdad13e182fe',0,'2021-06-25 00:47:33'),('9545d30283c0c6ad6c4cceb857b522ef324e3a485a1d47c4c121d117c99a8e2079cde396b698d411','167fd4adec26c7354489f427ec259f92f7dd0251ebd9c29302adee657d703b5fcec8c3c9864d66f6',0,'2021-06-22 01:35:14'),('95bc0a71e18bdc4ffa9700b16cf4dafa50487e7688ee9e398853ed64a6c31f55e37568d2aa5ab8b6','de5bff623e8b2c41384a523a6465bf087533121ddfc2ae9119b7e478f53a205977c73a7d762ac099',0,'2021-06-22 12:27:39'),('960ef4bfddb60220e71c669804b60bad11497fe85889520caeb852d1b096174b723d00c101be2acf','82675992ac4c8630fa7bbabc7f65a0d09521a4c3ab2c7074b62876506dc67098e69821692a6a12dd',0,'2021-06-22 12:39:06'),('976771874a75ec04aaf94d691bd5020f7076ff639cb9efd55b3a4fac255ff5d442d6e7527fadae5c','b31a75668b17c262f504ce3914bc9398d651a4de8ff2e6b6fa40b412840eee1c7767dccd605f42fb',0,'2021-06-22 12:28:57'),('976de3ad1e764607c3650728dce4ad43320bd55054a859551ad15bb568ff73c18b38f51675d442d1','04f8a343fbdc8850b9704378d54c16c1de519441e897bcd69ef1d740f09ac6a037e6e1fbb13bd265',0,'2021-06-21 00:19:57'),('9949ce1b9d6d9e74c81693056821d595afd56f0e87e850c5f27ea38ac87e5284b7dd7ad8fed9d562','9bdfe30b530e98a6407ed63c3472660ce8b903c32dd1accb2e577729b0506bf7a70f603bf1326cbd',0,'2021-06-22 12:28:24'),('9967f78ee9f2a768695331d28a9b015fd44f16fa1957ecb936232c1da655617a4d1d8b2edf6fea14','69fdee3b70a3fc6e53e53ee023af2bacd08ce2704f9cc372d6183b8ec3cf3df29afda086e3c7837a',0,'2021-06-22 12:23:23'),('9980693a21235cc8faf13aeedcddeb0467a7e281c2e3d98f7b929d7e317fa3a0eae6b66a1bd95ca1','d9288dfbe66510e93e07eaa3f865f8e8e6c56d860321ca8ff3a18ea4d243aedc3852dd3f5aa40c8c',0,'2021-06-21 12:55:27'),('99a36a531a2104a796e0f2d989a5a427deadda575a4d9fbaa8ffca77b2f28b2e7b8cf2ddb38c460b','60db6a1292f18da5c0b61ea7ce06ac078738e281cc675b3cc4ca877f4c2d2f0192d22dc38a9cf815',0,'2021-06-22 01:40:45'),('99da734f4aa9aefd42eaf9ddb0e7a6c059e8cfd7ea05477c137b502fee32f04649431eabc6807403','7397e4615bb9017cd4a3a4fd806f188add579d0ab1ce47b28d578c2f47b8904fbad99819db469af4',0,'2021-06-22 12:14:42'),('9b71afa5e358eee43e906a5000dd385f162f65d9d4086216fad52e11cbf8515411ba9b03d1e4a00a','554f0af56ee3a2efcec481a2862839dcdb76a4ccad1ff383fe9c03764ab833f08b2d6d842bbbc2b4',0,'2021-06-22 12:12:21'),('9c3be119f3d02017f578d42e5a1627d58660d1dff820d85419b5f9f59713dc47664e7ac80fd076ec','bf7a7881bee59e2cd9737c9f457f58858b5a4297879fcdb940149b972f6a2217877d953b8f418634',0,'2021-06-20 23:48:36'),('9c8e37611017b759b00990d655107caf0129ceae88dc26f07f0677f49b6ec60bc55910a7d29ae075','ba97ddd4b90a17b31f78948866952d1805ac00bceb77779efb7edd13d1784c830439dbbbde70bdb8',0,'2021-06-28 23:54:24'),('9cf6260f80a4053fbd2532dc97a4d4c08dce6df3fb8c5e9f84dfd9ad582f86fad5574b99462e4581','608a90070ad0ce41b832bf1cce9bef15d2e0030791a2e1f08c803b64b1a84ea3015a806d1821d246',0,'2021-06-22 12:11:42'),('9d16e53b20088b6979718a8d91a183b3a416122864744c0ef75086d2dc540840080c2dfc3e2fd1b1','00e67e585712b9d44f434533c8b64cc43510835e1b39ae8309d73e1fda78d07cb212a9cf08fd7093',0,'2021-06-21 00:31:14'),('9d5b11cd0f1ba6f08946b8fbd2caa0d362cc79a59dafc3569e35bcf4c84a638b8c6287d985c86cfb','f3876d734924f8f4ababfb0eb567e5a84babaea0fea55ceecde05af524f6994394f9b112c143bf30',0,'2021-06-21 02:46:48'),('9d76f8361c08841ce8ed16cf83882d1cdb2c01a4899dbb234d5664013e8b3f24251f5dbff44159a6','340ae74d195b8c46cf801a6205427b6b2e548d34195d971ea7841de34c1c36e26b7dff148df52613',0,'2021-06-21 12:57:31'),('9f34380ddcef947e03ce0806f0c9ab26a105c290bdecbd5e13f91e3c668e8f7f4d20782299ee9721','ef46dbb8cd5029fae5fe725477b69eb55ad8b21f3845eb71d3b37de042df3a02b3d2bded86062e28',0,'2021-06-22 12:16:18'),('a47b1ad9d81573e2c9d77455f83d24424fd685ba7c41ef88de492eca41222cd3d456d99b33b9e06d','432fff76efc91a2f5754fe48c749eedae2deeb814d21452dee7ba2eb97f47a4035f78795ab356538',0,'2021-06-28 01:45:31'),('a6f9dc13aee5e5bf4309bbeeda8289d1513ee9d4248b251d87ae897f6ee6d5d4d5d32b95f00da347','15caa07813cb99b729c7bc2c1d60e8122bfa64c0be039e3d2c8a62faadd9347c93870b8f32b467d5',0,'2021-06-27 15:31:40'),('a77294b04bf73d60e3a12cdbbbc129ea0cf15010abd8eeef9640f44e3bf1023da434b8293522e0f3','696ecf7cf619d566d380904ef04cd4875983489e240b3740aa5cedf2a1fed413f0d1c4aeccda562b',0,'2021-06-22 01:14:18'),('a78b58cd10b327f05f6841ced4951333917999b2d19b86846b48bb150265e9084dee1de0cb54254b','2f1aa9c95b9a36bb39ecd57b0b2d0f1f10ed7b24c294118554154087b45c9afbf7a095c76828b9b4',0,'2021-06-22 01:17:04'),('aba81e9789d4466498ca3deb846a20e23e34806b63fec78a893865b0a3bb5037ad031f54166cc9aa','3c290e1ec4ace2a6f738835b8c18a3c4980ae17ce9976f323d875e882dc002f705643db424fad118',0,'2021-06-23 12:07:20'),('abad3aa4ed99ff77f450e09c97e67db15d775de45935c65b95635d8ba34f5aca0b9551cd5326f0a1','ce289332d6fe096d9747d12b2cd5b303eb21cd3b9a2858508a02137f1e04eee7ee8d0a533e25641c',0,'2021-06-22 03:21:40'),('abf21bfc33afdf9e58e8431fee86f6de3afef75500ee591e6a2d7e748516f73bdac6cc727b2caa90','48683b79e80f35694931db450a36d14f2fc41b1bab5dfa5eebbc72a2c307fe308c9cba4951f0bd94',0,'2021-07-03 14:49:12'),('ac066417c636b6eea68cae593a9d0fe758d70898259d10d9ad4649e7cdf4d0e757702fa25477672c','78f97c59a6656f51e6732d9c9c324d626ce6c4cb2d2226fbdca520197bcecafb386ca1ed1d71233e',0,'2021-06-29 02:59:18'),('add3dec2e4bd09b7ee830098210a49f2dcc113307b6bed9679f22e869d8231c8b090651ba456e292','33a3ff2c94c35d27e1f8d89f6203e49053d9a14d5266f7f2f0fcce1de1fbb092756b85088bf34b2f',0,'2021-06-28 11:10:05'),('af314e1469074877ed3c1fdedda0eb0e213d3ffdd49f8777f12be86cb2030baabf7752305363b18c','05484b58aee4e25f65ad21109a3acaa118c3f074b5dc279f653546693253b21ae347c0d510959ea0',0,'2021-06-22 03:11:09'),('af7101768d917aa4621692ea41d824687e344e69ccac43cd53351743a879e4555aabe887d0850bdb','c8626b4212682379ad8f5603f1bf35c5a139600fadce7b6f624569f2fd46bf264b4480a6423ac8ce',0,'2021-06-21 00:08:30'),('af9a7fe2b644569de47dafeb365a01588cf081010c76468977d7e4586de9daf04536d1dbc068385e','b1962e6774289c08c96633f0d1278776479348bff2f9d7b19f06040baa21eb8cfd7889cacbfa25fa',0,'2021-06-22 12:38:41'),('b08487b80918c9597816d440e9cc3d85ac51188ca4b3ca4336032dec8f2cb216b512524d3ebf8b39','b754cf997522df9cd7d4adecf27f9798e1e7685634be86e80f40901ba08a60c165daf866667f836e',0,'2021-06-29 03:00:26'),('b0a29f2a4f1d4ec7184f5f4b8e45d30a3869143abf3a3dd801dd9d4fb670e087fd6c985c5c9be67b','9112b7941946e4ff269fb709b324e1130ccf768cd1f9d394beeabd4447515be256c5fb58bb381d4f',0,'2021-06-22 12:06:52'),('b0e346afd2355767048cfa6130abd69e8501eb4e34b7798f4d9018d7a1c53b333724a69edee99ab7','4ee01c6c29efcbbda105782ec1f2994a76a42723a5ac1ee38c40be66d484a9c2c029b46fe62c5bb0',0,'2021-06-22 03:03:39'),('b3ab6724841209888f916bb0b277b6525df57d3ff5ebe7549e8d3e97ea78b66aa47ebae2ee4f248c','135b521831e2351eca5cdb13602c50e663f3edea8458869a77bb42af8d9a4bc66f607b65ec83fa68',0,'2021-06-24 15:13:24'),('b3f5cb87c764cdf74929d84638d83473e7a6769269be761bb6b3a28eb6152747645ad090d9b88cfd','c0d3bf1233edee94ca221781c9efda090fcc5c5fb9ac82afae988a234bd30fbdcc4220ed5e88c83f',0,'2021-06-22 03:13:26'),('b43af714d6a7f76249397f32798dc78a4e873e0322d7c088bab248e8147c3e7d4e340d0fbb03ccf3','79dc9c91d17e552700c0c182127a0fa6296810259c55e28b6d8d5474442769c96e86e7b871e8e319',0,'2021-06-22 03:21:07'),('b4ba78c7b4ff8a4d21a10206cde091ae009ccf2416aecef616b8db12ef187b8cde6c9f0ee0018d57','15b61d6f5ddf0d9135dfacdb5fd7663695c3f5249cc0320831e46935fa079027925e858cdcfe06a3',0,'2021-06-27 15:51:19'),('b4eae8c4967c0a3a5e77cabe432ff13e381008171a34ddb14d13f7b1eeea68a4253e713b383d72d4','bd019e896307335519a55e49294b6b1c62bd491d37a38abcdaaf1d14d7705a90398bd8239352c15f',0,'2021-06-28 01:14:56'),('b61f02f88ae4cbf2a3550d382050538fe4c8a6021222a03d61a24cddd80e1b918a77afce9ac38438','d9c3d608b2886f5c060d6b33ca73dae9f038686963031eba5a1a9f67b2901671c211082dc49e6599',0,'2021-06-22 12:14:55'),('b68b7ebab899181cbaca64037f1d9c41665cf52c1b02453b45439a65893033f68c5979e5bc73d14c','8fd9699772ab2b4ed6022341ac7f045345644d6c545b844a86eeb7e2d3c704ceb44ba038777a4862',0,'2021-06-20 23:40:16'),('b6ec81dc90b1aab9e1591cd511dffb8b5fe883ae5509a6dcbe7627525551d42982454fa3e182c1c9','4adaf3fd65aaea3af5b7b0cfc13759c161fd8e3bc04c17e0a39f1a74e6f8a3e3bdb5006edd9e26e3',0,'2021-06-21 00:17:51'),('b7c2daaf3083abcb4d8e1d8da829b45d00a44f4bb6b1cd6189978c9775a963e251f02cc666593f2a','fe91ba5abe9e74f0dd6b40cb6a87b3ccd072966f7e432d091987c4c73e00a34ef5eb2ecb7cc2c2ab',0,'2021-06-21 00:06:37'),('b8304becc9bd134f644b912c58daab6444a9a55821a2f842d80577a6d6c8245542f2d46ab9baa16f','b86b1018c744632c1d7cd904caf0d4c96ecf2fe5c826bbfe060f483f40b2f295443a86bc94886243',0,'2021-06-21 00:34:00'),('b865ba3cfcc47f9e65816151cfdc7cea0e0a8314628acc26bb67c8e125534b137e093a7d8403c1eb','e1fb4ba30cbd51b9af48d2b33d97bd3788087b8b14e3139e4cefa432e48c3f95723407ea39ae9ee6',0,'2021-06-22 12:38:03'),('b9aed147007b31535801cb38f4d16a777423befbcb2945aceee887eddb09a695b4cf98f1078610f5','0e5fe12a152fd215ee52334097fd56e99e84af77b6d240c5f459c8853e38c8919d54b19b44a75f9c',0,'2021-06-22 03:07:35'),('b9b083911d2e517829bccdb5eb66343eeaf9c5db8330291e829e68b0b232b6a98ec09fa717c7f271','c331c3012475a641a44feeeb7192d7904efc522109a0e9b9009c2079901da5c219efc4c50200a3cc',0,'2021-07-09 10:22:04'),('ba12025db9924e0256df956daf30571c929e07cde12947042b0b2c832668facda702bcf77e8bf703','f87bff842ad333f40e6d450ca679f78eb66dc6b1b313d16e1b84802a2d1b0d65254912a7cb62f38e',0,'2021-06-27 15:38:37'),('bb354edbaefcbc7008cbcedbf4c1f1165f5341f78a1082db706aa82e9eeaa0ada64d0dc86fb2ee54','6d47e408348fff5c78a53b967df57062e4c323fc298a34d664abe1064a9acbd53265322d4d24a7d3',0,'2021-06-22 12:34:12'),('bbd885bdd9e5a6ae782817135067055fc4a7ba5bf0e3b8a3b96adb2b96a0a4e51895cba63100e25e','3c5e9fa73844e2e3a0c0cb120a554ed55c2bce84baf2f9945a42784272de9af5730518fb92f534f9',0,'2021-06-21 10:30:53'),('bd7c261272cc8d4d95953300af92f2278c6dbc6101d1e63ff8d52243f98aad662e84d0bce6988eaa','b812d6a2a8dccf016360283de4ac5365094aea05e8faee6399fe8899b0f8fa88c91e9138aaa60b34',0,'2021-06-20 03:00:26'),('bead033af9656e5dfe6e8f069340ff39be69822cfa3157a1ef8e1fe0d33f3743aab0c175bf6fd141','25323df1fbb678111e8f2427994de3d2fe503537b1d803286f9638aef3968a3b19a9decf87a54ffd',0,'2021-06-11 03:55:49'),('c078a7ad31ba0f99be437a82670d129a1a0a4468134ffae8e575dab338a4f546a2c788f46571838a','8d9589012251604a5164135ffaac011196fd60cbf4e74d94f09bc13376385af0ef7f0db8a6910d26',0,'2021-06-22 12:27:02'),('c0c5cfdf286237caa4763338652b015f7cb15c3b66dbf74c9e1601807aacfc894cfab20a28a1764f','4bcf395731341e61a317a874f23d81fc8992a7533ab77a4e0172822991cbeb0ff36c13e0897a4fb2',0,'2021-06-22 12:26:56'),('c10355df1e190bed7578ecebbc28a06fb6f43f5cd3c0e68ffd5d874785838fe1f2f8caec12b6f044','2dab08d19ecb40c8d67bf5461628c01ff39f4ebf54d709631273dbdb36e316924e6ee9150d1b81c4',0,'2021-06-21 00:07:25'),('c3baa7940853d61d355d131d5fdc6ef58d403c264d4c96e9533cfa1c86a54e6f52844389484efa94','c432bfee02b0c428b442dc1045d1b08306e77b3a3b2a5b40801e2856726c17bc6bb5fdb81e7ce4c5',0,'2021-06-21 00:11:57'),('c41a5e1771e2c73bf1c4ae35b6fea36d60567bec6f1059c5f3b9532891229406894618303110b3e2','7c880efcb94ca510b766050805bae2ac9063d14495b6260fca66dd31e266896a1e746f90030bffaf',0,'2021-06-22 12:28:31'),('c492865965c16f2c9cb6b55c7c3c28dada10e1bd44876409fa20059c8d348ea0edd6782d7ad2a2d1','2d442f552706b082cba35e64160d717ce62f32297aa8405c6f3e1fc64def8940317e92d0ecc744fa',0,'2021-06-21 02:14:01'),('c494604f7edd03df9fbc8cfaa2ae093a7fe9fe6f91003106504594d5491c81f67fb7cfca02b5b0c9','51e56b6ae8d8a91374125eab8875ada6d3dc98e84258f0743419c7ee0c3afc8975842a6461a61f79',0,'2021-06-23 16:58:23'),('c5315f6df77226c2461ebb9acfa79f7c75f72c16d1bec1fb51d658136a3bf2c07a93aa76e4877438','65c4a6bdc5a304268611826d39dfa1b0d742233f684c23219fa798a94224c238c9bd0909f13b083a',0,'2021-06-22 03:08:27'),('c5d9f255a3114c30c6b3ed715fd85a3e3e0ab90e5fa17212426621b02ec62c538f962dc85e45ce42','802e989d20cc9db137c0a9e760db8c34dd26f4c8aabf09e5b761245065851241d69be8d6220c525d',0,'2021-06-29 02:54:49'),('c5dd3fa9a47c544fee1a4c85514eb8f2e24c1231dc6df7c593cd7d2e4be54b5104044dbbf1b13718','ab5c89408c7c97d15f2fd71f24491310819bea183f2700220059819b019735edf0ef359027b6718c',0,'2021-06-20 03:00:58'),('c70d925ecfdab60507b67959e82f05c24ef6413f9ebf435870126acade2b9fe71446423887a37753','ef9b9a5749519174f9b8e47834fd64ff04a74d1f7cf4f207bbea9f40dc6ca3fbf086af18cfbdab65',0,'2021-06-23 11:38:16'),('c9ed8091534774a07d8f61e8a9e6cd9c3b0fc809a7c217accb645fdc2085e9eaaabae1bf34369737','60aa4e688ae30aa2c46873d235f54ceacb586b0958e1cabb0bbd544a69c1bace1ccac3977f3dbef3',0,'2021-06-22 12:05:52'),('cb891b693cc720107fc71e0f4b129c0b9c1ed63c91de9e8892be45582dc7aeb98aebdd340395b5ea','e8509a6a85750c161594400bb80804d4dc4516997ad11c89648dfa3787705bdbe35064a0b0f605a2',0,'2021-06-29 00:25:25'),('cbd083cc47e9cd3ce9398f5f9d4b0bffa9d1b9e0fcaf1d8931ff25e28d7b094ff82af45dc49c8b52','bc9dc1b8caef7c8c9863c6748cf97bb880e6f20da60644201316a597c9525be9e7896c11f7fbc991',0,'2021-06-28 01:53:11'),('cbdb1254d4f650b3046f497978c396af47585141bc911ff5a4c91396bcb4458d13718ca6e2fe92ad','2338dd0b77e18a7091c9175210f7243e5935305665bcf2a3bf9cdc19eb35766699ce5e5f7d20bc8c',0,'2021-06-23 00:36:56'),('cc88a0a9442b7a9bc167ca178412a7aa58c01cd132eedc445e3a73efa5555eef3301ec9c524b22f1','1cfd9eb16791b4244aa7b78fcc10165be97659ffea53b290662d83c650c10f6a24f6d3b8cbee6709',0,'2021-06-22 12:10:04'),('cd6e3438cae973424a26ca184d127af5c986dd5b4b8a839c4a2ce8e5525ee43e94d6c89fb15fc551','dca69b66e420754353a64f8c405143e861065b97e176224af286128b83bfd842c2d57ca04a4818ca',0,'2021-06-22 12:10:27'),('cdf02de1cd8ed4182a918be3fad78799e99579839800a1e9c146933d54944222bf3bd4651a0c8d41','4fd5ebb6261c0d8c2431d140bbaf953c599f8c51efa8146e5eba84d1e361a725971a3af6a3d6df8c',0,'2021-06-22 04:03:23'),('ce9c01ed6165504dce816e0aa7f4dc14b424d9516a67b7c524508deac67198b65d28dbf599c5eb27','efef6489559f835dad2bf18fd046733a7817f35c257442031d5f4da7a2bdeeedba9fcf271c7e05c4',0,'2021-06-22 04:00:26'),('ceb0270c72afbc7e225887eb343b168dd048eb1025219cd06c1c6bb417b6a628a51b7dcd0fa016d1','f4f051bcb844b8770bd0a1468b3fe6946cc75e40cf21d1b16e734b8733aab32660f69c0f9e00c56c',0,'2021-06-29 03:08:13'),('cfda405c0fd3dca736b636eaaaf1776364f9bed5da4825000a02047814babd101da52ec8d876f0b9','5d3079a49ea8232a3db93cd5f6fdcb274e5d46f22816865a5a8457680c5f67f081ff8a5aa9717d51',0,'2021-06-22 12:30:07'),('d1935046e44cbdf16acc9bbd9f621975076501d738c8860cde34dfe73e240f12d93f7d36b9e8b46c','4afa1b17212d6a0f2ab3ac7730925c1cff5ef94b194e105a39061616280b0e007b74f38093e09e66',0,'2021-06-25 08:53:55'),('d226af6b42446e8f2ce840ac0152bc85badb5d60a068ab4e57a56ef6e6472cbef4cb4e6b50d993db','d45b5d3bed014261f4c82c7891c29a6a62aca8f164f6a383a121cad3c6ecda663eebaa223d683951',0,'2021-06-22 03:58:37'),('d2a9ffbb540913145abd9eb23c05a63eec311083b22175a7c93de0d5c9fb32379ebedc57836381b9','1b16ea42eba4cdbef14b58a368db6c9b7b6025efac31434221a49e006c83c0e0b16962004f1af2fc',0,'2021-06-21 12:48:41'),('d2d136cf7d57814a46eeb03210a511f07ae7d619a2f264474c70456f5c430f1d7796cb4ea77ac836','d4a9f336f7dd41176a331ab42fa948d9577be23bceba361d1469f1867e432b603df243ac5d3fb28c',0,'2021-06-22 01:40:01'),('d34a286576ff5a532af5be17281253fbe87c1eb49dc32e47d65d76cb2a06c45b5fdb5f6c8e8c3370','a659b9d472c0db4efe8352d3e045bd78ecd5df1b66715a2ce95a06e54aa9331cf529f0f8a4daea22',0,'2021-06-22 22:31:02'),('d36fcb24ac837b4d0b874d79408f58709dfea124fa23867589dec98c78c3bf86eac11df2831783d1','7bf52444590aaa8ce7c54c1c8a636a91722aac28eb6212470697d329d11bf5ad10f2f4e952d067ae',0,'2021-06-20 23:41:36'),('d64f8adafab8eccb1acb7da2335d35fb93718af8b810fb54b65cd9f160d67e795d7d8a20c69a15a3','77c5073b773f7f0f2b5647ba767b2c3b66f1b4273f543cfe0b9fbc80e5ef8926e9a367c0be6849e2',0,'2021-06-23 16:57:18'),('d6bc3df1090857ab33f5ca9c7534b2f60ef842c2923d1631ead550ab39665a21c9f617ede3d3ec93','5de218255ad157d1c9f02d3cb3fd26494d54172074cec5373abef55fc0e6e81627d7d9daacfb21fb',0,'2021-06-22 03:14:26'),('d91a725abfc54c7e43ca4de2a252cadeae0e63c4c40ca23fd635a209231c36c532155fa9a0fb5a14','85b47c2ed4e0069f7993f8275c642cad715ce1dccce7bc73b687a1c1a5383fe668cccbbbad1c40be',0,'2021-06-22 11:50:32'),('dac905fed0df8abd8bba0173de52ecaa9cd3c110cdb0fe236852d0698aba0e978aa4f83a8fc48ed1','b56e5d607a1f6e741723089cee070024537ba7c99751dd443ddb51fdc8d44009cf63b2441db19f5a',0,'2021-06-28 03:06:02'),('db6362344f5fd7826a0cc79920c6de016dc7622f08072c3c232a8317c7288ba1443bd347b094bfe1','eed787c77ef236c20881cf0605560700c7729b1984fc6f95bd61ff715a351e7c2bf885323144a4ee',0,'2021-06-23 17:00:38'),('dbfc61633be26e78f12f896de108640642e0781b4143a2a57e25acc90c6b8b096b7fcf292d834530','4959fc3b9d1d000b00e8c7ee092b2d7f1f9226b07e41bb8aa505e8ae6be2b9f75f6af7fcb325c943',0,'2021-06-21 12:56:01'),('ddeb43ede2d57d9f5e1c817c72345d20c1e77901d1ede94572faf2e2c86f901358d174114e07ffb8','c1876a37fce8551b28f3d178fd2b73270dbde5b5237c66d868643607c9367db446d17faed1117eb0',0,'2021-06-22 01:18:57'),('ddf3bcba20f23e5ea945ba0d279eacf760f8ecb24f2e9f334b49779d4e388981ac9804f1cef1d7de','b738650df936cef5b61149694fc82c0e67ae6dc66822e2c2356720741f89bddc6bcf75448f47a89c',0,'2021-06-22 01:34:59'),('de60e06c2ab1a56000de9b73b28451f1cda9ef2e03127cdc361ee80f11417000f1a8166ffa837fdd','6c854a7c6228d47ad46b0ba4066fcc750e0da5273e0eac072bc35d69574811a4d9a6b35ea4412b48',0,'2021-06-25 00:16:56'),('df1a12091b865867bf42b469c394a350e175f67f1378a4a9514b39a6ca0e76ec119104c6fc3b7b92','d7bc7f35b25e52bdc1ad2dd935c586abcc806002e9e838a916d38606f74f5be1258718d4c42abce7',0,'2021-06-23 17:01:19'),('df75cfc63dc0bb220481fcf0e789734089117a9e6fc84dc9c03083fb5db031dafbaa3dab67e579e7','563e19c2ec507f8a131981e93f2fdd6c89f52393cda39001d8abf488346b14a6cf5c4f676a5c124d',0,'2021-06-22 11:59:01'),('df954228178a86a0219962e08fae92b1576d593bb2ef5dc63c0ad1070a27fb2c328f1abc83a5ef65','7a8f293d4105b7caa6d81394ca4c108ca9a4c7c73c2b225db2ee5b8b335f0c9f56278e4c20421885',0,'2021-06-25 10:26:11'),('dfa22d640bc76c156e75dc0c33b113272af827ea779c98846359d8dd12b477e5074da1767bc89de1','b7a452456ae98acb73d341ea92bfd829207434cfc0e90108999cc458e3367e25e9b936ee10ff9ffc',0,'2021-06-22 11:58:20'),('dfa275f1952e6839b54bb2f919272f0c7501201eb801b32635efdc3dc4fccf5d1d722811b1ac6ea0','92dca9b845b60e5bdbea479dd183bc29b1394d9fc7e859b56f30f2e4218bbcd04726530eae3aa4fc',0,'2021-06-22 11:51:01'),('dfaa2f1cbcc22c4670080c585f05513fe111a7970ea05d1568107642410ea3adb12b54a6a2e900bb','58d3efe3310228ea620ec9cc6e12bd73908d091fc81c1dfa2813fa3cca35e1ab489351ef5564f93c',0,'2021-06-22 03:14:50'),('dfad232bf6bd766b2148c0b2fa47aac302c4639498a7fec314b4cb9bc535081fb8ad77283cfaf4b8','b12a5525927ed610c6de44c6f55ddef20100af07db18995e12e3aeeccaad2bdbf56a4c2dc27e6470',0,'2021-06-22 23:57:07'),('dfce7779e28d41490dd61f0176714bf522334ca6415f8e22b23477ea98be4f6d4e21e90fbf9c487e','5640800fec1f5b7384a741a0f5dd8ff790bd9915f90455115a6e2072569b08cd4f8ad95001b83de4',0,'2021-06-29 02:49:16'),('e08d1d499838b16ab9ea11ed250a751e9b7dbe2e36118b6b260e3a7e84deffe691bf9b0f63bceddc','6ef2e60a4cbc491e8bfec54252cc5b9cf085d08017264b45ad224903ba2c99255bc763c45556aac6',0,'2021-06-20 03:01:03'),('e0a0ff63fbd3d34d8247b60bbc1a3a3023523958d471006290319be851a1c3cc4c320150b16948c4','6bbe615dea7cbb99e7910bd4dd9859dec76c21bc868d351417d7dadc9fa98742f5710c59ea0ec1cb',0,'2021-07-09 09:42:02'),('e252b869925d3f44bbf015a9afd4a5237d85bd84aeff658f0f967dc86c5a097e2ad553609cbb2b15','25c8ee42a644a370abe341bc7c8f6ea5dc364fd0da637f17f83d77c189a10cc475537176e3960fec',0,'2021-06-23 03:31:49'),('e379015f2cc58fb7bacd4a13b3a0b3fcbaba5f93a20f5959ba8d071dd3c550b36b0a6de63d5cbb72','51666d1cb99069e139891ae30503f595369c7d7cf5eeaf724692a32bd3d6f44b292bf3154be88d8d',0,'2021-06-21 00:08:29'),('e4777f2a4423ca775b1b0d00a8c21d89b5a8ba5c1c8ccb2a1a337c7e9350a396722fd30f5a7cef40','f6a297bd9b83249f7055f990d8e9c84f3cf0e42f459c9757ba6aa48999532269403fc4607a45523f',0,'2021-06-24 23:07:54'),('e6d301bbf4d0993516962f73d5715534b96b006030fc38793170a6dc03ad2431a228e3be9f256b71','88028d13e61bc3a60eed32b694d253dc44b8b4a9f108e905b9b54ea180afe20dd02e2e9bbb5688ce',0,'2021-06-22 12:34:04'),('e8321ffc7a10edb7f11056fd7231f800aa19c4fc3938614e30d1a3dd7c05beefd3ffe168042f44ef','e81dfbb31d85f498f33dc58647f436e0e4f3071d59a4e1f328c6e22e4055817d1f5a16f761d39497',0,'2021-06-21 22:24:32'),('e8890ff6a605e7e98af93f841085bd47c651ec2d09656924d7e7b77153f6126286597d5a651ee64b','234168d4aab628c18685b8b28adef0c8d7d319d122df1bb0d8941e2c478a19ead22d9a00f99709ee',0,'2021-06-22 12:40:37'),('e944eeb0c9d160b1b04f7866c6a4fb660a42cacf90930893af69970dbee5d7d3dace5bac99a7329e','22c1a988f6db403e208363d2ece5b6c9e39cec509b604c741c4d1a3c1348102d37929f73ec5664d5',0,'2021-06-11 03:57:13'),('e9ab8ca8212a5952dca2cbf414548c2ddb10c0162dc7b464deeb806c487b5d91c866c6636719ee50','53610c8dfc4cf6f56ed3e0e9ecec060ae9483ce31c1e06fdb1e8aaaa604f0a4360406cd3fff60308',0,'2021-06-22 22:39:58'),('ea398c68b06ad26eb92fa8a4c0e65b210a0bd070c2dcacd35bd2c96835afd3f6b3783669b6dfca65','b4fc0ec5a20b3dd3d2eefc5274d75338ea4313481d3b4220b0cb0fe0f7a2a7530da93b70dfe71730',0,'2021-06-21 00:30:59'),('eb405af77b07ff83db0389c94d8d02da22aff4f8c230d6265897ce7f8f79c3d97382ddaaec698d6a','a1aebf689233e06df2911e17c73448393f9ea20be0b474de92d5474c292f2b1f2d738bf00a068ba2',0,'2021-06-29 02:51:42'),('eb812f772529617e9624ea1a237674742bd63cb1b52eb915cb1dd31455a2c903efa580aa63619762','43987cb85cfb3a6636482f21f6835aa73d5fcea2ab9ec7586c69a08bc585be1241e817683e42fcf0',0,'2021-06-22 03:19:55'),('ec103387b1fa8cd426b0cd2f340f47b092a16c426f5dd9b23a6b534e5aaba11c9ea7cc1d1aac13ea','d315eead0a30be1da12d3435692855ae9d75bfc87c3871e99892cfa8f8ec06179755d29e42fe57a0',0,'2021-06-21 00:14:32'),('ecdbf7a7f3c5a9b89d92cd5522ee370bc8e35dcca3434508d0768b0321cc97538ee8dedfbbb11dde','85b1391d10e84cf0a9c58618c5c8b01cb91dde1cc2d25bd396b3e1722e924647e2600b084647142e',0,'2021-06-28 00:24:17'),('ed43c8813a090cd62aee446f82de79b77e10dc9063283cb312a3b0e562edf0ad7e097513f09be98f','82ffa4ade9121f186b670dc036192a1249bbedda37ec6cfe1198f981e689689ad9423534cdf93caa',0,'2021-06-22 12:36:48'),('edf082f1b628afb9e1608b8b82be4a084a565626794cea2e655b06b6ac3e93e53a988efd59ec828b','33cdc7b63f4e810e715db174ae3af7b4857b110b90a4687af1393417d0f2a3b70fe8a5ea31adcd53',0,'2021-06-27 12:35:35'),('ee25addcb6a3210354e9c72e7a96ea2f080187edcfbb2188ec71b38d01c87c1cc95dedfc4699b162','83737433728da954075e8a756795b5f861e873032867ecb37c88d3a77f633143b234913d055cffba',0,'2021-06-21 12:58:19'),('eef6f8005713c47f543bb6cdf117a4806796f0769d1cd54c08e16d2cd2a1cbe4706ca3637524d167','f3755d111a452fe5a4bf947272e51681dce5a7212c036a881ba7aba915397aaf580fc7e2d4572df8',0,'2021-06-20 23:54:13'),('ef7a4e381c325a89acbce01258b1a66f441f53f3f24dd98aff75cd60d1b28a2aadfed99b25793f1a','31a3bab01467e8627edd5e8a82c115b7904ebce5a6b0e7e23095f4ba86ab084f3377f04251bd17e0',0,'2021-06-22 12:29:07'),('f1c408561de930b8cb49ad62f797c18fe5d5cd81c6f993509851ec94b6c3c64feb26476c5844ecc0','fed1d26da1a283c48129d001d254599f10dcf4a219fd5eb2bad76478ca125fe3460c7ce7c74d0a4e',0,'2021-06-22 03:38:46'),('f1ee16fd5704054127bd61e4179af0faafa5092274654947704b184bdba972a929c1be7109f6cb4f','4dcb1876c6a7b92b961573638e0f35974584b1d2f6461914580cb21f52218f9e81bc9b77850e37b7',0,'2021-06-22 12:06:19'),('f409ca9f439c90dbcc3ca54a04414585389fe656668bd89872e5324286364dc5e900604a7f060cec','b09b108cc1df02ea178e8c6cfbffff89c1b13cc8b025dfbd7d2bff57181fbf540f6cd66b1c997738',0,'2021-06-20 02:56:35'),('f431efde18f987a6fb990fa5f34e7aac491dfd9836c636ef94b4d6a81eb4a8ec8bbd67546a7bb4cd','b5686e422dcf3c1f6a51c3d01c7cc20e88c647a114f11a01a5eadbc51a08d6dc0b7312d54f57f764',0,'2021-06-20 02:51:06'),('f6d876764b6850eb1510561a1a089a6a0f80d6e199e7cc6a3b6796cddd0ed6b312962678912f232f','0be5ee0fa6faa6026657064ce62afddca57766cf6b46b4f800a86ca5c37f0e80534fa99f3ab6ca76',0,'2021-06-22 04:02:48'),('f7c7db52b4b28abf250633d6b7fa28f54ac65f56b1aed0d06bfb82ed076bcc87ed1d68ad125161e7','e24c9348c0b1b9c7a7b3762d4202326f2b7da2227cd50338bc2e0eef377bfecb6c7a84c613c06d42',0,'2021-06-22 02:23:49'),('f84be5121d749848c91e2ff8693906d011b7c836a7732791b45f8736fc1ff7d77a0722de60a9415b','35d34a17027220566b7e7634f55b38ceec46a53d65e5bc358bd116d876973c46917edcac9c73d068',0,'2021-06-29 02:59:59'),('fa48c25cc90e9516663036d8a45fdbff80863111f63bdaab1cf282ef36bde89ca01ec16914d25e20','eba88ad355883c5e8d94d57d5b07d3e46138e5e28a5b28b5e5306110c0094595e34be4850fd263eb',0,'2021-06-21 00:18:37'),('fa60eb5d9ba5138c765f78dca7e75c3da7f635271ba6e47dc8fc7aa0672dcdf2471f0d07d96cd526','59c8490e972b166dc928ae6684640ca2f4a8fb3fabcced88b40122dadc13a6079c89f617daf74a7b',0,'2021-06-22 12:08:52'),('fa69c4fe2c9d0b4c3249da3160e99431c4fff8f3b8c39051813545decc653a758b86a50790932156','97b918d2423ec2cf6ab6744e90d8b633e7c37c95a7c421af6edc70b135f4e9e5706d40c2f5db0f97',0,'2021-06-23 02:03:16'),('fa86e3df94004d489efdf59eec6ca5cc1d9a01ca5cf997b84e70b3e45789ce301e8aa5b87a87bd9b','4d0bddbb4a232d4ec1c26d35cb2adb209a47f5170bc0aaf9929c518de1dbd2a56778d42817598b4b',0,'2021-06-22 12:15:56'),('faa7d2c95dbc65d67587d8380120c711089ceadbc62c7d99e401916bc9cd83df4673f2376097ea69','48607b7efc4e0e5c6a91f47e99edc4a8c0ff4cafb0d269e602fe332335a8e2e747ce571d54e49ae0',0,'2021-06-22 12:38:15'),('fbc5e37d17a21c615f6c5bd99837b56501ce4a37508ea2821f3d11c915f695c0e24bad4b5a4001a3','cd282474d8f7f2401659356a66c97aa3a2539d73377b2b30f18780d0f91abe911d6731fb1e19bc0b',0,'2021-06-22 12:04:19'),('fc5a06d4185d3a0772f025a2690f86080e4f05b4d77d7b722169cdd2569784937349d19ba93975db','00174e1c443e41fbc17d58bfe6a4d14202d256a53d306c4486872ff31664dbb32f97e0bebff67018',0,'2021-06-22 01:15:32'),('fd9f23c1072952bddff579edc521c1a2ff8ee9732a99532e7503f4db406558d9a1112e8397bef0f9','80bda23e3f02a85bdff42982e02073b39b4245ed7db8dcf460b3c6735a58e999d191bef5e317b718',0,'2021-06-22 12:14:22'),('fe84c947ffcf3262815ba51f72d13f87326b3e1d70511988e3fb7e913e98f24a41a833d6f1a8affe','545be6d71588f7a9516712b4310289086753f49ab4cf847a5ebe1c150e72f39f23d203458afa900e',0,'2021-06-20 23:40:17'),('ff10021d4c981860b79945cd43d123c6deb50dd608fa756125999620293b116a0c3dcc2b7a845a3d','3c3208344f7009fd97035c49b431297f8dbe27941b5769d640259e29b252fbc41e7803ada9e26db7',0,'2021-07-09 09:25:49'),('ff4e62a45d1ee6c7b527ec7806a33bbedc41ad66ec366b71711b8ab9e6f98f8cac76afad3cf199a0','3c0aad026d175357b95ec51f7002d7d64105fb1ca9bc0d73569ba7252495454aa387669c202e9c12',0,'2021-06-22 12:36:41'),('ffc4359be6b3c7344749075e308c127adfe6fd481a91fb29fa82523f2b6de6f5ebc06c7cde4a78bd','63ff285caaecebd9a4dff93dd14e8eccc532974dc0d19409493dc560752b0cdb49b1a41f27e5c55d',0,'2021-06-21 12:44:16'),('ffd39281e88da9b8122d8437fe91f264144d591cd9a46f04b8993e2354379c9cdaa3e882ce28fd41','3bc5c371f757c8b24305d29497433ff3f7d603529e6ca4f32157531a1f662e8840e682e32107dba1',0,'2021-06-22 11:56:56');
